DATAFLOW,LAST UPDATE,freq,unit,nace_r2,na_item,geo,TIME_PERIOD,OBS_VALUE,OBS_FLAG
ESTAT:NAMA_10_A10(1.0),02/06/23 23:00:00,A,CP_MEUR,F,B1G,AT,2000,14308.8,
ESTAT:NAMA_10_A10(1.0),02/06/23 23:00:00,A,CP_MEUR,F,B1G,AT,2001,14000.3,
ESTAT:NAMA_10_A10(1.0),02/06/23 23:00:00,A,CP_MEUR,F,B1G,AT,2002,14131.4,
ESTAT:NAMA_10_A10(1.0),02/06/23 23:00:00,A,CP_MEUR,F,B1G,AT,2003,15085.1,
ESTAT:NAMA_10_A10(1.0),02/06/23 23:00:00,A,CP_MEUR,F,B1G,AT,2004,15602.3,
ESTAT:NAMA_10_A10(1.0),02/06/23 23:00:00,A,CP_MEUR,F,B1G,AT,2005,15833.7,
ESTAT:NAMA_10_A10(1.0),02/06/23 23:00:00,A,CP_MEUR,F,B1G,AT,2006,16134.8,
ESTAT:NAMA_10_A10(1.0),02/06/23 23:00:00,A,CP_MEUR,F,B1G,AT,2007,17435.3,
ESTAT:NAMA_10_A10(1.0),02/06/23 23:00:00,A,CP_MEUR,F,B1G,AT,2008,18169.8,
ESTAT:NAMA_10_A10(1.0),02/06/23 23:00:00,A,CP_MEUR,F,B1G,AT,2009,17457.0,
ESTAT:NAMA_10_A10(1.0),02/06/23 23:00:00,A,CP_MEUR,F,B1G,AT,2010,17123.6,
ESTAT:NAMA_10_A10(1.0),02/06/23 23:00:00,A,CP_MEUR,F,B1G,AT,2011,17476.8,
ESTAT:NAMA_10_A10(1.0),02/06/23 23:00:00,A,CP_MEUR,F,B1G,AT,2012,18028.3,
ESTAT:NAMA_10_A10(1.0),02/06/23 23:00:00,A,CP_MEUR,F,B1G,AT,2013,18545.6,
ESTAT:NAMA_10_A10(1.0),02/06/23 23:00:00,A,CP_MEUR,F,B1G,AT,2014,18958.7,
ESTAT:NAMA_10_A10(1.0),02/06/23 23:00:00,A,CP_MEUR,F,B1G,AT,2015,19174.2,
ESTAT:NAMA_10_A10(1.0),02/06/23 23:00:00,A,CP_MEUR,F,B1G,AT,2016,19954.5,
ESTAT:NAMA_10_A10(1.0),02/06/23 23:00:00,A,CP_MEUR,F,B1G,AT,2017,21148.3,
ESTAT:NAMA_10_A10(1.0),02/06/23 23:00:00,A,CP_MEUR,F,B1G,AT,2018,22326.8,
ESTAT:NAMA_10_A10(1.0),02/06/23 23:00:00,A,CP_MEUR,F,B1G,AT,2019,23258.9,
ESTAT:NAMA_10_A10(1.0),02/06/23 23:00:00,A,CP_MEUR,F,B1G,AT,2020,24178.0,
ESTAT:NAMA_10_A10(1.0),02/06/23 23:00:00,A,CP_MEUR,F,B1G,AT,2021,26329.8,
ESTAT:NAMA_10_A10(1.0),02/06/23 23:00:00,A,CP_MEUR,F,B1G,AT,2022,30353.1,
ESTAT:NAMA_10_A10(1.0),02/06/23 23:00:00,A,CP_MEUR,F,B1G,CY,2000,811.2,
ESTAT:NAMA_10_A10(1.0),02/06/23 23:00:00,A,CP_MEUR,F,B1G,CY,2001,872.0,
ESTAT:NAMA_10_A10(1.0),02/06/23 23:00:00,A,CP_MEUR,F,B1G,CY,2002,968.1,
ESTAT:NAMA_10_A10(1.0),02/06/23 23:00:00,A,CP_MEUR,F,B1G,CY,2003,1081.6,
ESTAT:NAMA_10_A10(1.0),02/06/23 23:00:00,A,CP_MEUR,F,B1G,CY,2004,1206.4,
ESTAT:NAMA_10_A10(1.0),02/06/23 23:00:00,A,CP_MEUR,F,B1G,CY,2005,1360.1,
ESTAT:NAMA_10_A10(1.0),02/06/23 23:00:00,A,CP_MEUR,F,B1G,CY,2006,1572.4,
ESTAT:NAMA_10_A10(1.0),02/06/23 23:00:00,A,CP_MEUR,F,B1G,CY,2007,1818.9,
ESTAT:NAMA_10_A10(1.0),02/06/23 23:00:00,A,CP_MEUR,F,B1G,CY,2008,2014.7,
ESTAT:NAMA_10_A10(1.0),02/06/23 23:00:00,A,CP_MEUR,F,B1G,CY,2009,1584.1,
ESTAT:NAMA_10_A10(1.0),02/06/23 23:00:00,A,CP_MEUR,F,B1G,CY,2010,1422.6,
ESTAT:NAMA_10_A10(1.0),02/06/23 23:00:00,A,CP_MEUR,F,B1G,CY,2011,1233.0,
ESTAT:NAMA_10_A10(1.0),02/06/23 23:00:00,A,CP_MEUR,F,B1G,CY,2012,1030.1,
ESTAT:NAMA_10_A10(1.0),02/06/23 23:00:00,A,CP_MEUR,F,B1G,CY,2013,781.9,
ESTAT:NAMA_10_A10(1.0),02/06/23 23:00:00,A,CP_MEUR,F,B1G,CY,2014,653.4,
ESTAT:NAMA_10_A10(1.0),02/06/23 23:00:00,A,CP_MEUR,F,B1G,CY,2015,634.8,
ESTAT:NAMA_10_A10(1.0),02/06/23 23:00:00,A,CP_MEUR,F,B1G,CY,2016,759.2,
ESTAT:NAMA_10_A10(1.0),02/06/23 23:00:00,A,CP_MEUR,F,B1G,CY,2017,922.2,
ESTAT:NAMA_10_A10(1.0),02/06/23 23:00:00,A,CP_MEUR,F,B1G,CY,2018,1091.6,
ESTAT:NAMA_10_A10(1.0),02/06/23 23:00:00,A,CP_MEUR,F,B1G,CY,2019,1299.7,
ESTAT:NAMA_10_A10(1.0),02/06/23 23:00:00,A,CP_MEUR,F,B1G,CY,2020,1192.3,
ESTAT:NAMA_10_A10(1.0),02/06/23 23:00:00,A,CP_MEUR,F,B1G,CY,2021,1309.2,
ESTAT:NAMA_10_A10(1.0),02/06/23 23:00:00,A,CP_MEUR,F,B1G,CY,2022,1418.5,p
ESTAT:NAMA_10_A10(1.0),02/06/23 23:00:00,A,CP_MEUR,F,B1G,DE,2000,98046.0,
ESTAT:NAMA_10_A10(1.0),02/06/23 23:00:00,A,CP_MEUR,F,B1G,DE,2001,93163.0,
ESTAT:NAMA_10_A10(1.0),02/06/23 23:00:00,A,CP_MEUR,F,B1G,DE,2002,89431.0,
ESTAT:NAMA_10_A10(1.0),02/06/23 23:00:00,A,CP_MEUR,F,B1G,DE,2003,85419.0,
ESTAT:NAMA_10_A10(1.0),02/06/23 23:00:00,A,CP_MEUR,F,B1G,DE,2004,83134.0,
ESTAT:NAMA_10_A10(1.0),02/06/23 23:00:00,A,CP_MEUR,F,B1G,DE,2005,80470.0,
ESTAT:NAMA_10_A10(1.0),02/06/23 23:00:00,A,CP_MEUR,F,B1G,DE,2006,83210.0,
ESTAT:NAMA_10_A10(1.0),02/06/23 23:00:00,A,CP_MEUR,F,B1G,DE,2007,87680.0,
ESTAT:NAMA_10_A10(1.0),02/06/23 23:00:00,A,CP_MEUR,F,B1G,DE,2008,91548.0,
ESTAT:NAMA_10_A10(1.0),02/06/23 23:00:00,A,CP_MEUR,F,B1G,DE,2009,91320.0,
ESTAT:NAMA_10_A10(1.0),02/06/23 23:00:00,A,CP_MEUR,F,B1G,DE,2010,99926.0,
ESTAT:NAMA_10_A10(1.0),02/06/23 23:00:00,A,CP_MEUR,F,B1G,DE,2011,105972.0,
ESTAT:NAMA_10_A10(1.0),02/06/23 23:00:00,A,CP_MEUR,F,B1G,DE,2012,110392.0,
ESTAT:NAMA_10_A10(1.0),02/06/23 23:00:00,A,CP_MEUR,F,B1G,DE,2013,112226.0,
ESTAT:NAMA_10_A10(1.0),02/06/23 23:00:00,A,CP_MEUR,F,B1G,DE,2014,119583.0,
ESTAT:NAMA_10_A10(1.0),02/06/23 23:00:00,A,CP_MEUR,F,B1G,DE,2015,124907.0,
ESTAT:NAMA_10_A10(1.0),02/06/23 23:00:00,A,CP_MEUR,F,B1G,DE,2016,132548.0,
ESTAT:NAMA_10_A10(1.0),02/06/23 23:00:00,A,CP_MEUR,F,B1G,DE,2017,137994.0,
ESTAT:NAMA_10_A10(1.0),02/06/23 23:00:00,A,CP_MEUR,F,B1G,DE,2018,148044.0,
ESTAT:NAMA_10_A10(1.0),02/06/23 23:00:00,A,CP_MEUR,F,B1G,DE,2019,154323.0,p
ESTAT:NAMA_10_A10(1.0),02/06/23 23:00:00,A,CP_MEUR,F,B1G,DE,2020,167329.0,p
ESTAT:NAMA_10_A10(1.0),02/06/23 23:00:00,A,CP_MEUR,F,B1G,DE,2021,179802.0,p
ESTAT:NAMA_10_A10(1.0),02/06/23 23:00:00,A,CP_MEUR,F,B1G,DE,2022,211296.0,p
ESTAT:NAMA_10_A10(1.0),02/06/23 23:00:00,A,CP_MEUR,F,B1G,DK,2000,8377.7,
ESTAT:NAMA_10_A10(1.0),02/06/23 23:00:00,A,CP_MEUR,F,B1G,DK,2001,8116.7,
ESTAT:NAMA_10_A10(1.0),02/06/23 23:00:00,A,CP_MEUR,F,B1G,DK,2002,8405.4,
ESTAT:NAMA_10_A10(1.0),02/06/23 23:00:00,A,CP_MEUR,F,B1G,DK,2003,8936.2,
ESTAT:NAMA_10_A10(1.0),02/06/23 23:00:00,A,CP_MEUR,F,B1G,DK,2004,9373.5,
ESTAT:NAMA_10_A10(1.0),02/06/23 23:00:00,A,CP_MEUR,F,B1G,DK,2005,9762.1,
ESTAT:NAMA_10_A10(1.0),02/06/23 23:00:00,A,CP_MEUR,F,B1G,DK,2006,11099.6,
ESTAT:NAMA_10_A10(1.0),02/06/23 23:00:00,A,CP_MEUR,F,B1G,DK,2007,11359.6,
ESTAT:NAMA_10_A10(1.0),02/06/23 23:00:00,A,CP_MEUR,F,B1G,DK,2008,12521.3,
ESTAT:NAMA_10_A10(1.0),02/06/23 23:00:00,A,CP_MEUR,F,B1G,DK,2009,10233.3,
ESTAT:NAMA_10_A10(1.0),02/06/23 23:00:00,A,CP_MEUR,F,B1G,DK,2010,9264.2,
ESTAT:NAMA_10_A10(1.0),02/06/23 23:00:00,A,CP_MEUR,F,B1G,DK,2011,9902.8,
ESTAT:NAMA_10_A10(1.0),02/06/23 23:00:00,A,CP_MEUR,F,B1G,DK,2012,10012.5,
ESTAT:NAMA_10_A10(1.0),02/06/23 23:00:00,A,CP_MEUR,F,B1G,DK,2013,10145.2,
ESTAT:NAMA_10_A10(1.0),02/06/23 23:00:00,A,CP_MEUR,F,B1G,DK,2014,10532.7,
ESTAT:NAMA_10_A10(1.0),02/06/23 23:00:00,A,CP_MEUR,F,B1G,DK,2015,11749.9,
ESTAT:NAMA_10_A10(1.0),02/06/23 23:00:00,A,CP_MEUR,F,B1G,DK,2016,13380.4,
ESTAT:NAMA_10_A10(1.0),02/06/23 23:00:00,A,CP_MEUR,F,B1G,DK,2017,14328.8,
ESTAT:NAMA_10_A10(1.0),02/06/23 23:00:00,A,CP_MEUR,F,B1G,DK,2018,14828.7,
ESTAT:NAMA_10_A10(1.0),02/06/23 23:00:00,A,CP_MEUR,F,B1G,DK,2019,14716.5,
ESTAT:NAMA_10_A10(1.0),02/06/23 23:00:00,A,CP_MEUR,F,B1G,DK,2020,14860.2,
ESTAT:NAMA_10_A10(1.0),02/06/23 23:00:00,A,CP_MEUR,F,B1G,DK,2021,16275.1,
ESTAT:NAMA_10_A10(1.0),02/06/23 23:00:00,A,CP_MEUR,F,B1G,DK,2022,19183.4,
ESTAT:NAMA_10_A10(1.0),02/06/23 23:00:00,A,CP_MEUR,F,B1G,EE,2000,327.1,
ESTAT:NAMA_10_A10(1.0),02/06/23 23:00:00,A,CP_MEUR,F,B1G,EE,2001,367.9,
ESTAT:NAMA_10_A10(1.0),02/06/23 23:00:00,A,CP_MEUR,F,B1G,EE,2002,435.8,
ESTAT:NAMA_10_A10(1.0),02/06/23 23:00:00,A,CP_MEUR,F,B1G,EE,2003,514.6,
ESTAT:NAMA_10_A10(1.0),02/06/23 23:00:00,A,CP_MEUR,F,B1G,EE,2004,604.4,
ESTAT:NAMA_10_A10(1.0),02/06/23 23:00:00,A,CP_MEUR,F,B1G,EE,2005,854.5,
ESTAT:NAMA_10_A10(1.0),02/06/23 23:00:00,A,CP_MEUR,F,B1G,EE,2006,1167.6,
ESTAT:NAMA_10_A10(1.0),02/06/23 23:00:00,A,CP_MEUR,F,B1G,EE,2007,1515.2,
ESTAT:NAMA_10_A10(1.0),02/06/23 23:00:00,A,CP_MEUR,F,B1G,EE,2008,1419.0,
ESTAT:NAMA_10_A10(1.0),02/06/23 23:00:00,A,CP_MEUR,F,B1G,EE,2009,869.0,
ESTAT:NAMA_10_A10(1.0),02/06/23 23:00:00,A,CP_MEUR,F,B1G,EE,2010,750.4,
ESTAT:NAMA_10_A10(1.0),02/06/23 23:00:00,A,CP_MEUR,F,B1G,EE,2011,1008.7,
ESTAT:NAMA_10_A10(1.0),02/06/23 23:00:00,A,CP_MEUR,F,B1G,EE,2012,1154.4,
ESTAT:NAMA_10_A10(1.0),02/06/23 23:00:00,A,CP_MEUR,F,B1G,EE,2013,1163.6,
ESTAT:NAMA_10_A10(1.0),02/06/23 23:00:00,A,CP_MEUR,F,B1G,EE,2014,1079.1,
ESTAT:NAMA_10_A10(1.0),02/06/23 23:00:00,A,CP_MEUR,F,B1G,EE,2015,1098.5,
ESTAT:NAMA_10_A10(1.0),02/06/23 23:00:00,A,CP_MEUR,F,B1G,EE,2016,1229.5,
ESTAT:NAMA_10_A10(1.0),02/06/23 23:00:00,A,CP_MEUR,F,B1G,EE,2017,1379.7,
ESTAT:NAMA_10_A10(1.0),02/06/23 23:00:00,A,CP_MEUR,F,B1G,EE,2018,1561.8,
ESTAT:NAMA_10_A10(1.0),02/06/23 23:00:00,A,CP_MEUR,F,B1G,EE,2019,1669.8,
ESTAT:NAMA_10_A10(1.0),02/06/23 23:00:00,A,CP_MEUR,F,B1G,EE,2020,1651.8,
ESTAT:NAMA_10_A10(1.0),02/06/23 23:00:00,A,CP_MEUR,F,B1G,EE,2021,1845.8,
ESTAT:NAMA_10_A10(1.0),02/06/23 23:00:00,A,CP_MEUR,F,B1G,EE,2022,2198.5,
ESTAT:NAMA_10_A10(1.0),02/06/23 23:00:00,A,CP_MEUR,F,B1G,EL,2000,8948.1,
ESTAT:NAMA_10_A10(1.0),02/06/23 23:00:00,A,CP_MEUR,F,B1G,EL,2001,9574.3,
ESTAT:NAMA_10_A10(1.0),02/06/23 23:00:00,A,CP_MEUR,F,B1G,EL,2002,10301.4,
ESTAT:NAMA_10_A10(1.0),02/06/23 23:00:00,A,CP_MEUR,F,B1G,EL,2003,14318.2,
ESTAT:NAMA_10_A10(1.0),02/06/23 23:00:00,A,CP_MEUR,F,B1G,EL,2004,16056.9,
ESTAT:NAMA_10_A10(1.0),02/06/23 23:00:00,A,CP_MEUR,F,B1G,EL,2005,11375.3,
ESTAT:NAMA_10_A10(1.0),02/06/23 23:00:00,A,CP_MEUR,F,B1G,EL,2006,18085.8,
ESTAT:NAMA_10_A10(1.0),02/06/23 23:00:00,A,CP_MEUR,F,B1G,EL,2007,15017.3,
ESTAT:NAMA_10_A10(1.0),02/06/23 23:00:00,A,CP_MEUR,F,B1G,EL,2008,10718.8,
ESTAT:NAMA_10_A10(1.0),02/06/23 23:00:00,A,CP_MEUR,F,B1G,EL,2009,10549.6,
ESTAT:NAMA_10_A10(1.0),02/06/23 23:00:00,A,CP_MEUR,F,B1G,EL,2010,9066.8,b
ESTAT:NAMA_10_A10(1.0),02/06/23 23:00:00,A,CP_MEUR,F,B1G,EL,2011,6360.4,
ESTAT:NAMA_10_A10(1.0),02/06/23 23:00:00,A,CP_MEUR,F,B1G,EL,2012,5330.2,
ESTAT:NAMA_10_A10(1.0),02/06/23 23:00:00,A,CP_MEUR,F,B1G,EL,2013,5153.9,
ESTAT:NAMA_10_A10(1.0),02/06/23 23:00:00,A,CP_MEUR,F,B1G,EL,2014,3738.4,
ESTAT:NAMA_10_A10(1.0),02/06/23 23:00:00,A,CP_MEUR,F,B1G,EL,2015,3493.4,
ESTAT:NAMA_10_A10(1.0),02/06/23 23:00:00,A,CP_MEUR,F,B1G,EL,2016,3484.2,
ESTAT:NAMA_10_A10(1.0),02/06/23 23:00:00,A,CP_MEUR,F,B1G,EL,2017,2259.1,
ESTAT:NAMA_10_A10(1.0),02/06/23 23:00:00,A,CP_MEUR,F,B1G,EL,2018,2431.2,
ESTAT:NAMA_10_A10(1.0),02/06/23 23:00:00,A,CP_MEUR,F,B1G,EL,2019,2573.7,
ESTAT:NAMA_10_A10(1.0),02/06/23 23:00:00,A,CP_MEUR,F,B1G,EL,2020,2681.3,p
ESTAT:NAMA_10_A10(1.0),02/06/23 23:00:00,A,CP_MEUR,F,B1G,EL,2021,2925.1,p
ESTAT:NAMA_10_A10(1.0),02/06/23 23:00:00,A,CP_MEUR,F,B1G,EL,2022,3945.1,p
ESTAT:NAMA_10_A10(1.0),02/06/23 23:00:00,A,CP_MEUR,F,B1G,ES,2000,59546.0,
ESTAT:NAMA_10_A10(1.0),02/06/23 23:00:00,A,CP_MEUR,F,B1G,ES,2001,67287.0,
ESTAT:NAMA_10_A10(1.0),02/06/23 23:00:00,A,CP_MEUR,F,B1G,ES,2002,74418.0,
ESTAT:NAMA_10_A10(1.0),02/06/23 23:00:00,A,CP_MEUR,F,B1G,ES,2003,80950.0,
ESTAT:NAMA_10_A10(1.0),02/06/23 23:00:00,A,CP_MEUR,F,B1G,ES,2004,87547.0,
ESTAT:NAMA_10_A10(1.0),02/06/23 23:00:00,A,CP_MEUR,F,B1G,ES,2005,99008.0,
ESTAT:NAMA_10_A10(1.0),02/06/23 23:00:00,A,CP_MEUR,F,B1G,ES,2006,108814.0,
ESTAT:NAMA_10_A10(1.0),02/06/23 23:00:00,A,CP_MEUR,F,B1G,ES,2007,113088.0,
ESTAT:NAMA_10_A10(1.0),02/06/23 23:00:00,A,CP_MEUR,F,B1G,ES,2008,115549.0,
ESTAT:NAMA_10_A10(1.0),02/06/23 23:00:00,A,CP_MEUR,F,B1G,ES,2009,107575.0,
ESTAT:NAMA_10_A10(1.0),02/06/23 23:00:00,A,CP_MEUR,F,B1G,ES,2010,87560.0,
ESTAT:NAMA_10_A10(1.0),02/06/23 23:00:00,A,CP_MEUR,F,B1G,ES,2011,73557.0,
ESTAT:NAMA_10_A10(1.0),02/06/23 23:00:00,A,CP_MEUR,F,B1G,ES,2012,62703.0,
ESTAT:NAMA_10_A10(1.0),02/06/23 23:00:00,A,CP_MEUR,F,B1G,ES,2013,53763.0,
ESTAT:NAMA_10_A10(1.0),02/06/23 23:00:00,A,CP_MEUR,F,B1G,ES,2014,53254.0,
ESTAT:NAMA_10_A10(1.0),02/06/23 23:00:00,A,CP_MEUR,F,B1G,ES,2015,56422.0,
ESTAT:NAMA_10_A10(1.0),02/06/23 23:00:00,A,CP_MEUR,F,B1G,ES,2016,59362.0,
ESTAT:NAMA_10_A10(1.0),02/06/23 23:00:00,A,CP_MEUR,F,B1G,ES,2017,62061.0,
ESTAT:NAMA_10_A10(1.0),02/06/23 23:00:00,A,CP_MEUR,F,B1G,ES,2018,64459.0,
ESTAT:NAMA_10_A10(1.0),02/06/23 23:00:00,A,CP_MEUR,F,B1G,ES,2019,70821.0,
ESTAT:NAMA_10_A10(1.0),02/06/23 23:00:00,A,CP_MEUR,F,B1G,ES,2020,61880.0,p
ESTAT:NAMA_10_A10(1.0),02/06/23 23:00:00,A,CP_MEUR,F,B1G,ES,2021,60865.0,p
ESTAT:NAMA_10_A10(1.0),02/06/23 23:00:00,A,CP_MEUR,F,B1G,ES,2022,63162.0,p
ESTAT:NAMA_10_A10(1.0),02/06/23 23:00:00,A,CP_MEUR,F,B1G,FR,2000,64400.0,
ESTAT:NAMA_10_A10(1.0),02/06/23 23:00:00,A,CP_MEUR,F,B1G,FR,2001,68702.0,
ESTAT:NAMA_10_A10(1.0),02/06/23 23:00:00,A,CP_MEUR,F,B1G,FR,2002,71601.0,
ESTAT:NAMA_10_A10(1.0),02/06/23 23:00:00,A,CP_MEUR,F,B1G,FR,2003,75103.0,
ESTAT:NAMA_10_A10(1.0),02/06/23 23:00:00,A,CP_MEUR,F,B1G,FR,2004,80825.0,
ESTAT:NAMA_10_A10(1.0),02/06/23 23:00:00,A,CP_MEUR,F,B1G,FR,2005,86159.0,
ESTAT:NAMA_10_A10(1.0),02/06/23 23:00:00,A,CP_MEUR,F,B1G,FR,2006,94645.0,
ESTAT:NAMA_10_A10(1.0),02/06/23 23:00:00,A,CP_MEUR,F,B1G,FR,2007,104954.0,
ESTAT:NAMA_10_A10(1.0),02/06/23 23:00:00,A,CP_MEUR,F,B1G,FR,2008,113565.0,
ESTAT:NAMA_10_A10(1.0),02/06/23 23:00:00,A,CP_MEUR,F,B1G,FR,2009,108816.0,
ESTAT:NAMA_10_A10(1.0),02/06/23 23:00:00,A,CP_MEUR,F,B1G,FR,2010,108114.0,
ESTAT:NAMA_10_A10(1.0),02/06/23 23:00:00,A,CP_MEUR,F,B1G,FR,2011,111634.0,
ESTAT:NAMA_10_A10(1.0),02/06/23 23:00:00,A,CP_MEUR,F,B1G,FR,2012,109623.0,
ESTAT:NAMA_10_A10(1.0),02/06/23 23:00:00,A,CP_MEUR,F,B1G,FR,2013,111927.0,
ESTAT:NAMA_10_A10(1.0),02/06/23 23:00:00,A,CP_MEUR,F,B1G,FR,2014,110116.0,
ESTAT:NAMA_10_A10(1.0),02/06/23 23:00:00,A,CP_MEUR,F,B1G,FR,2015,107884.0,
ESTAT:NAMA_10_A10(1.0),02/06/23 23:00:00,A,CP_MEUR,F,B1G,FR,2016,108362.0,
ESTAT:NAMA_10_A10(1.0),02/06/23 23:00:00,A,CP_MEUR,F,B1G,FR,2017,113137.0,
ESTAT:NAMA_10_A10(1.0),02/06/23 23:00:00,A,CP_MEUR,F,B1G,FR,2018,117386.0,
ESTAT:NAMA_10_A10(1.0),02/06/23 23:00:00,A,CP_MEUR,F,B1G,FR,2019,124114.0,
ESTAT:NAMA_10_A10(1.0),02/06/23 23:00:00,A,CP_MEUR,F,B1G,FR,2020,112222.0,
ESTAT:NAMA_10_A10(1.0),02/06/23 23:00:00,A,CP_MEUR,F,B1G,FR,2021,123895.0,p
ESTAT:NAMA_10_A10(1.0),02/06/23 23:00:00,A,CP_MEUR,F,B1G,FR,2022,130945.0,p
ESTAT:NAMA_10_A10(1.0),02/06/23 23:00:00,A,CP_MEUR,F,B1G,HR,2000,949.8,
ESTAT:NAMA_10_A10(1.0),02/06/23 23:00:00,A,CP_MEUR,F,B1G,HR,2001,1167.5,
ESTAT:NAMA_10_A10(1.0),02/06/23 23:00:00,A,CP_MEUR,F,B1G,HR,2002,1294.0,
ESTAT:NAMA_10_A10(1.0),02/06/23 23:00:00,A,CP_MEUR,F,B1G,HR,2003,1679.5,
ESTAT:NAMA_10_A10(1.0),02/06/23 23:00:00,A,CP_MEUR,F,B1G,HR,2004,1894.0,
ESTAT:NAMA_10_A10(1.0),02/06/23 23:00:00,A,CP_MEUR,F,B1G,HR,2005,2220.4,
ESTAT:NAMA_10_A10(1.0),02/06/23 23:00:00,A,CP_MEUR,F,B1G,HR,2006,2532.3,
ESTAT:NAMA_10_A10(1.0),02/06/23 23:00:00,A,CP_MEUR,F,B1G,HR,2007,2803.1,
ESTAT:NAMA_10_A10(1.0),02/06/23 23:00:00,A,CP_MEUR,F,B1G,HR,2008,3177.5,
ESTAT:NAMA_10_A10(1.0),02/06/23 23:00:00,A,CP_MEUR,F,B1G,HR,2009,2780.5,
ESTAT:NAMA_10_A10(1.0),02/06/23 23:00:00,A,CP_MEUR,F,B1G,HR,2010,2101.2,
ESTAT:NAMA_10_A10(1.0),02/06/23 23:00:00,A,CP_MEUR,F,B1G,HR,2011,1926.3,
ESTAT:NAMA_10_A10(1.0),02/06/23 23:00:00,A,CP_MEUR,F,B1G,HR,2012,1611.7,
ESTAT:NAMA_10_A10(1.0),02/06/23 23:00:00,A,CP_MEUR,F,B1G,HR,2013,1605.8,
ESTAT:NAMA_10_A10(1.0),02/06/23 23:00:00,A,CP_MEUR,F,B1G,HR,2014,1575.1,
ESTAT:NAMA_10_A10(1.0),02/06/23 23:00:00,A,CP_MEUR,F,B1G,HR,2015,1647.1,
ESTAT:NAMA_10_A10(1.0),02/06/23 23:00:00,A,CP_MEUR,F,B1G,HR,2016,1767.9,
ESTAT:NAMA_10_A10(1.0),02/06/23 23:00:00,A,CP_MEUR,F,B1G,HR,2017,1873.7,
ESTAT:NAMA_10_A10(1.0),02/06/23 23:00:00,A,CP_MEUR,F,B1G,HR,2018,2135.6,
ESTAT:NAMA_10_A10(1.0),02/06/23 23:00:00,A,CP_MEUR,F,B1G,HR,2019,2465.3,
ESTAT:NAMA_10_A10(1.0),02/06/23 23:00:00,A,CP_MEUR,F,B1G,HR,2020,2535.4,
ESTAT:NAMA_10_A10(1.0),02/06/23 23:00:00,A,CP_MEUR,F,B1G,HR,2021,2894.7,p
ESTAT:NAMA_10_A10(1.0),02/06/23 23:00:00,A,CP_MEUR,F,B1G,HR,2022,3189.6,p
ESTAT:NAMA_10_A10(1.0),02/06/23 23:00:00,A,CP_MEUR,F,B1G,HU,2000,2216.9,
ESTAT:NAMA_10_A10(1.0),02/06/23 23:00:00,A,CP_MEUR,F,B1G,HU,2001,2805.2,
ESTAT:NAMA_10_A10(1.0),02/06/23 23:00:00,A,CP_MEUR,F,B1G,HU,2002,3601.7,
ESTAT:NAMA_10_A10(1.0),02/06/23 23:00:00,A,CP_MEUR,F,B1G,HU,2003,3523.1,
ESTAT:NAMA_10_A10(1.0),02/06/23 23:00:00,A,CP_MEUR,F,B1G,HU,2004,3833.0,
ESTAT:NAMA_10_A10(1.0),02/06/23 23:00:00,A,CP_MEUR,F,B1G,HU,2005,4509.7,
ESTAT:NAMA_10_A10(1.0),02/06/23 23:00:00,A,CP_MEUR,F,B1G,HU,2006,4263.2,
ESTAT:NAMA_10_A10(1.0),02/06/23 23:00:00,A,CP_MEUR,F,B1G,HU,2007,4324.7,
ESTAT:NAMA_10_A10(1.0),02/06/23 23:00:00,A,CP_MEUR,F,B1G,HU,2008,4535.7,
ESTAT:NAMA_10_A10(1.0),02/06/23 23:00:00,A,CP_MEUR,F,B1G,HU,2009,3889.9,
ESTAT:NAMA_10_A10(1.0),02/06/23 23:00:00,A,CP_MEUR,F,B1G,HU,2010,3508.0,
ESTAT:NAMA_10_A10(1.0),02/06/23 23:00:00,A,CP_MEUR,F,B1G,HU,2011,3503.0,
ESTAT:NAMA_10_A10(1.0),02/06/23 23:00:00,A,CP_MEUR,F,B1G,HU,2012,3242.6,
ESTAT:NAMA_10_A10(1.0),02/06/23 23:00:00,A,CP_MEUR,F,B1G,HU,2013,3480.7,
ESTAT:NAMA_10_A10(1.0),02/06/23 23:00:00,A,CP_MEUR,F,B1G,HU,2014,3747.6,
ESTAT:NAMA_10_A10(1.0),02/06/23 23:00:00,A,CP_MEUR,F,B1G,HU,2015,3988.6,
ESTAT:NAMA_10_A10(1.0),02/06/23 23:00:00,A,CP_MEUR,F,B1G,HU,2016,3509.6,
ESTAT:NAMA_10_A10(1.0),02/06/23 23:00:00,A,CP_MEUR,F,B1G,HU,2017,4565.0,
ESTAT:NAMA_10_A10(1.0),02/06/23 23:00:00,A,CP_MEUR,F,B1G,HU,2018,5819.7,
ESTAT:NAMA_10_A10(1.0),02/06/23 23:00:00,A,CP_MEUR,F,B1G,HU,2019,7087.9,
ESTAT:NAMA_10_A10(1.0),02/06/23 23:00:00,A,CP_MEUR,F,B1G,HU,2020,6627.1,
ESTAT:NAMA_10_A10(1.0),02/06/23 23:00:00,A,CP_MEUR,F,B1G,HU,2021,8130.3,
ESTAT:NAMA_10_A10(1.0),02/06/23 23:00:00,A,CP_MEUR,F,B1G,HU,2022,9256.5,p
ESTAT:NAMA_10_A10(1.0),02/06/23 23:00:00,A,CP_MEUR,F,B1G,IE,2000,6931.0,
ESTAT:NAMA_10_A10(1.0),02/06/23 23:00:00,A,CP_MEUR,F,B1G,IE,2001,8081.4,
ESTAT:NAMA_10_A10(1.0),02/06/23 23:00:00,A,CP_MEUR,F,B1G,IE,2002,8671.8,
ESTAT:NAMA_10_A10(1.0),02/06/23 23:00:00,A,CP_MEUR,F,B1G,IE,2003,9933.1,
ESTAT:NAMA_10_A10(1.0),02/06/23 23:00:00,A,CP_MEUR,F,B1G,IE,2004,11947.1,
ESTAT:NAMA_10_A10(1.0),02/06/23 23:00:00,A,CP_MEUR,F,B1G,IE,2005,14622.0,
ESTAT:NAMA_10_A10(1.0),02/06/23 23:00:00,A,CP_MEUR,F,B1G,IE,2006,17365.0,
ESTAT:NAMA_10_A10(1.0),02/06/23 23:00:00,A,CP_MEUR,F,B1G,IE,2007,16062.1,
ESTAT:NAMA_10_A10(1.0),02/06/23 23:00:00,A,CP_MEUR,F,B1G,IE,2008,11049.2,
ESTAT:NAMA_10_A10(1.0),02/06/23 23:00:00,A,CP_MEUR,F,B1G,IE,2009,4170.5,
ESTAT:NAMA_10_A10(1.0),02/06/23 23:00:00,A,CP_MEUR,F,B1G,IE,2010,2342.3,
ESTAT:NAMA_10_A10(1.0),02/06/23 23:00:00,A,CP_MEUR,F,B1G,IE,2011,1679.4,
ESTAT:NAMA_10_A10(1.0),02/06/23 23:00:00,A,CP_MEUR,F,B1G,IE,2012,2691.8,
ESTAT:NAMA_10_A10(1.0),02/06/23 23:00:00,A,CP_MEUR,F,B1G,IE,2013,3477.5,
ESTAT:NAMA_10_A10(1.0),02/06/23 23:00:00,A,CP_MEUR,F,B1G,IE,2014,4427.4,
ESTAT:NAMA_10_A10(1.0),02/06/23 23:00:00,A,CP_MEUR,F,B1G,IE,2015,4908.8,
ESTAT:NAMA_10_A10(1.0),02/06/23 23:00:00,A,CP_MEUR,F,B1G,IE,2016,5734.5,
ESTAT:NAMA_10_A10(1.0),02/06/23 23:00:00,A,CP_MEUR,F,B1G,IE,2017,7478.1,
ESTAT:NAMA_10_A10(1.0),02/06/23 23:00:00,A,CP_MEUR,F,B1G,IE,2018,8055.2,
ESTAT:NAMA_10_A10(1.0),02/06/23 23:00:00,A,CP_MEUR,F,B1G,IE,2019,8778.9,
ESTAT:NAMA_10_A10(1.0),02/06/23 23:00:00,A,CP_MEUR,F,B1G,IE,2020,8178.6,
ESTAT:NAMA_10_A10(1.0),02/06/23 23:00:00,A,CP_MEUR,F,B1G,IE,2021,8717.8,
ESTAT:NAMA_10_A10(1.0),02/06/23 23:00:00,A,CP_MEUR,F,B1G,IE,2022,11051.3,
ESTAT:NAMA_10_A10(1.0),02/06/23 23:00:00,A,CP_MEUR,F,B1G,IT,2000,54025.2,
ESTAT:NAMA_10_A10(1.0),02/06/23 23:00:00,A,CP_MEUR,F,B1G,IT,2001,59804.6,
ESTAT:NAMA_10_A10(1.0),02/06/23 23:00:00,A,CP_MEUR,F,B1G,IT,2002,64361.3,
ESTAT:NAMA_10_A10(1.0),02/06/23 23:00:00,A,CP_MEUR,F,B1G,IT,2003,69507.8,
ESTAT:NAMA_10_A10(1.0),02/06/23 23:00:00,A,CP_MEUR,F,B1G,IT,2004,75022.7,
ESTAT:NAMA_10_A10(1.0),02/06/23 23:00:00,A,CP_MEUR,F,B1G,IT,2005,79606.9,
ESTAT:NAMA_10_A10(1.0),02/06/23 23:00:00,A,CP_MEUR,F,B1G,IT,2006,83258.4,
ESTAT:NAMA_10_A10(1.0),02/06/23 23:00:00,A,CP_MEUR,F,B1G,IT,2007,87163.8,
ESTAT:NAMA_10_A10(1.0),02/06/23 23:00:00,A,CP_MEUR,F,B1G,IT,2008,89655.4,
ESTAT:NAMA_10_A10(1.0),02/06/23 23:00:00,A,CP_MEUR,F,B1G,IT,2009,85514.0,
ESTAT:NAMA_10_A10(1.0),02/06/23 23:00:00,A,CP_MEUR,F,B1G,IT,2010,81550.4,
ESTAT:NAMA_10_A10(1.0),02/06/23 23:00:00,A,CP_MEUR,F,B1G,IT,2011,82617.5,
ESTAT:NAMA_10_A10(1.0),02/06/23 23:00:00,A,CP_MEUR,F,B1G,IT,2012,76511.8,
ESTAT:NAMA_10_A10(1.0),02/06/23 23:00:00,A,CP_MEUR,F,B1G,IT,2013,71343.0,
ESTAT:NAMA_10_A10(1.0),02/06/23 23:00:00,A,CP_MEUR,F,B1G,IT,2014,65661.9,
ESTAT:NAMA_10_A10(1.0),02/06/23 23:00:00,A,CP_MEUR,F,B1G,IT,2015,64622.7,
ESTAT:NAMA_10_A10(1.0),02/06/23 23:00:00,A,CP_MEUR,F,B1G,IT,2016,65426.2,
ESTAT:NAMA_10_A10(1.0),02/06/23 23:00:00,A,CP_MEUR,F,B1G,IT,2017,66085.0,
ESTAT:NAMA_10_A10(1.0),02/06/23 23:00:00,A,CP_MEUR,F,B1G,IT,2018,66997.3,
ESTAT:NAMA_10_A10(1.0),02/06/23 23:00:00,A,CP_MEUR,F,B1G,IT,2019,69444.2,
ESTAT:NAMA_10_A10(1.0),02/06/23 23:00:00,A,CP_MEUR,F,B1G,IT,2020,66317.5,
ESTAT:NAMA_10_A10(1.0),02/06/23 23:00:00,A,CP_MEUR,F,B1G,IT,2021,79968.8,
ESTAT:NAMA_10_A10(1.0),02/06/23 23:00:00,A,CP_MEUR,F,B1G,IT,2022,88591.3,
ESTAT:NAMA_10_A10(1.0),02/06/23 23:00:00,A,CP_MEUR,F,B1G,LT,2000,664.5,
ESTAT:NAMA_10_A10(1.0),02/06/23 23:00:00,A,CP_MEUR,F,B1G,LT,2001,724.3,
ESTAT:NAMA_10_A10(1.0),02/06/23 23:00:00,A,CP_MEUR,F,B1G,LT,2002,852.1,
ESTAT:NAMA_10_A10(1.0),02/06/23 23:00:00,A,CP_MEUR,F,B1G,LT,2003,1037.6,
ESTAT:NAMA_10_A10(1.0),02/06/23 23:00:00,A,CP_MEUR,F,B1G,LT,2004,1195.5,
ESTAT:NAMA_10_A10(1.0),02/06/23 23:00:00,A,CP_MEUR,F,B1G,LT,2005,1480.6,
ESTAT:NAMA_10_A10(1.0),02/06/23 23:00:00,A,CP_MEUR,F,B1G,LT,2006,2055.6,
ESTAT:NAMA_10_A10(1.0),02/06/23 23:00:00,A,CP_MEUR,F,B1G,LT,2007,2915.8,
ESTAT:NAMA_10_A10(1.0),02/06/23 23:00:00,A,CP_MEUR,F,B1G,LT,2008,3285.6,
ESTAT:NAMA_10_A10(1.0),02/06/23 23:00:00,A,CP_MEUR,F,B1G,LT,2009,1601.0,
ESTAT:NAMA_10_A10(1.0),02/06/23 23:00:00,A,CP_MEUR,F,B1G,LT,2010,1472.6,
ESTAT:NAMA_10_A10(1.0),02/06/23 23:00:00,A,CP_MEUR,F,B1G,LT,2011,1839.3,
ESTAT:NAMA_10_A10(1.0),02/06/23 23:00:00,A,CP_MEUR,F,B1G,LT,2012,1846.5,
ESTAT:NAMA_10_A10(1.0),02/06/23 23:00:00,A,CP_MEUR,F,B1G,LT,2013,2123.5,
ESTAT:NAMA_10_A10(1.0),02/06/23 23:00:00,A,CP_MEUR,F,B1G,LT,2014,2453.8,
ESTAT:NAMA_10_A10(1.0),02/06/23 23:00:00,A,CP_MEUR,F,B1G,LT,2015,2496.7,
ESTAT:NAMA_10_A10(1.0),02/06/23 23:00:00,A,CP_MEUR,F,B1G,LT,2016,2346.2,
ESTAT:NAMA_10_A10(1.0),02/06/23 23:00:00,A,CP_MEUR,F,B1G,LT,2017,2540.6,
ESTAT:NAMA_10_A10(1.0),02/06/23 23:00:00,A,CP_MEUR,F,B1G,LT,2018,2878.2,
ESTAT:NAMA_10_A10(1.0),02/06/23 23:00:00,A,CP_MEUR,F,B1G,LT,2019,3215.5,
ESTAT:NAMA_10_A10(1.0),02/06/23 23:00:00,A,CP_MEUR,F,B1G,LT,2020,3257.2,
ESTAT:NAMA_10_A10(1.0),02/06/23 23:00:00,A,CP_MEUR,F,B1G,LT,2021,3566.3,
ESTAT:NAMA_10_A10(1.0),02/06/23 23:00:00,A,CP_MEUR,F,B1G,LT,2022,4284.6,
ESTAT:NAMA_10_A10(1.0),02/06/23 23:00:00,A,CP_MEUR,F,B1G,LU,2000,1257.0,
ESTAT:NAMA_10_A10(1.0),02/06/23 23:00:00,A,CP_MEUR,F,B1G,LU,2001,1338.2,
ESTAT:NAMA_10_A10(1.0),02/06/23 23:00:00,A,CP_MEUR,F,B1G,LU,2002,1446.0,
ESTAT:NAMA_10_A10(1.0),02/06/23 23:00:00,A,CP_MEUR,F,B1G,LU,2003,1487.4,
ESTAT:NAMA_10_A10(1.0),02/06/23 23:00:00,A,CP_MEUR,F,B1G,LU,2004,1548.0,
ESTAT:NAMA_10_A10(1.0),02/06/23 23:00:00,A,CP_MEUR,F,B1G,LU,2005,1524.0,
ESTAT:NAMA_10_A10(1.0),02/06/23 23:00:00,A,CP_MEUR,F,B1G,LU,2006,1674.5,
ESTAT:NAMA_10_A10(1.0),02/06/23 23:00:00,A,CP_MEUR,F,B1G,LU,2007,1920.7,
ESTAT:NAMA_10_A10(1.0),02/06/23 23:00:00,A,CP_MEUR,F,B1G,LU,2008,1954.2,
ESTAT:NAMA_10_A10(1.0),02/06/23 23:00:00,A,CP_MEUR,F,B1G,LU,2009,1917.1,
ESTAT:NAMA_10_A10(1.0),02/06/23 23:00:00,A,CP_MEUR,F,B1G,LU,2010,2006.9,
ESTAT:NAMA_10_A10(1.0),02/06/23 23:00:00,A,CP_MEUR,F,B1G,LU,2011,2045.7,
ESTAT:NAMA_10_A10(1.0),02/06/23 23:00:00,A,CP_MEUR,F,B1G,LU,2012,2198.8,
ESTAT:NAMA_10_A10(1.0),02/06/23 23:00:00,A,CP_MEUR,F,B1G,LU,2013,2289.8,
ESTAT:NAMA_10_A10(1.0),02/06/23 23:00:00,A,CP_MEUR,F,B1G,LU,2014,2477.5,
ESTAT:NAMA_10_A10(1.0),02/06/23 23:00:00,A,CP_MEUR,F,B1G,LU,2015,2584.5,
ESTAT:NAMA_10_A10(1.0),02/06/23 23:00:00,A,CP_MEUR,F,B1G,LU,2016,2797.6,
ESTAT:NAMA_10_A10(1.0),02/06/23 23:00:00,A,CP_MEUR,F,B1G,LU,2017,2806.3,
ESTAT:NAMA_10_A10(1.0),02/06/23 23:00:00,A,CP_MEUR,F,B1G,LU,2018,2898.3,
ESTAT:NAMA_10_A10(1.0),02/06/23 23:00:00,A,CP_MEUR,F,B1G,LU,2019,3425.1,
ESTAT:NAMA_10_A10(1.0),02/06/23 23:00:00,A,CP_MEUR,F,B1G,LU,2020,3307.1,
ESTAT:NAMA_10_A10(1.0),02/06/23 23:00:00,A,CP_MEUR,F,B1G,LU,2021,3805.3,
ESTAT:NAMA_10_A10(1.0),02/06/23 23:00:00,A,CP_MEUR,F,B1G,LU,2022,4581.0,p
ESTAT:NAMA_10_A10(1.0),02/06/23 23:00:00,A,CP_MEUR,F,B1G,LV,2000,538.9,
ESTAT:NAMA_10_A10(1.0),02/06/23 23:00:00,A,CP_MEUR,F,B1G,LV,2001,519.6,
ESTAT:NAMA_10_A10(1.0),02/06/23 23:00:00,A,CP_MEUR,F,B1G,LV,2002,577.0,
ESTAT:NAMA_10_A10(1.0),02/06/23 23:00:00,A,CP_MEUR,F,B1G,LV,2003,583.5,
ESTAT:NAMA_10_A10(1.0),02/06/23 23:00:00,A,CP_MEUR,F,B1G,LV,2004,688.5,
ESTAT:NAMA_10_A10(1.0),02/06/23 23:00:00,A,CP_MEUR,F,B1G,LV,2005,831.1,
ESTAT:NAMA_10_A10(1.0),02/06/23 23:00:00,A,CP_MEUR,F,B1G,LV,2006,1313.1,
ESTAT:NAMA_10_A10(1.0),02/06/23 23:00:00,A,CP_MEUR,F,B1G,LV,2007,2048.7,
ESTAT:NAMA_10_A10(1.0),02/06/23 23:00:00,A,CP_MEUR,F,B1G,LV,2008,2245.2,
ESTAT:NAMA_10_A10(1.0),02/06/23 23:00:00,A,CP_MEUR,F,B1G,LV,2009,1333.5,
ESTAT:NAMA_10_A10(1.0),02/06/23 23:00:00,A,CP_MEUR,F,B1G,LV,2010,776.6,
ESTAT:NAMA_10_A10(1.0),02/06/23 23:00:00,A,CP_MEUR,F,B1G,LV,2011,985.2,
ESTAT:NAMA_10_A10(1.0),02/06/23 23:00:00,A,CP_MEUR,F,B1G,LV,2012,1183.0,
ESTAT:NAMA_10_A10(1.0),02/06/23 23:00:00,A,CP_MEUR,F,B1G,LV,2013,1250.8,
ESTAT:NAMA_10_A10(1.0),02/06/23 23:00:00,A,CP_MEUR,F,B1G,LV,2014,1300.3,
ESTAT:NAMA_10_A10(1.0),02/06/23 23:00:00,A,CP_MEUR,F,B1G,LV,2015,1308.5,
ESTAT:NAMA_10_A10(1.0),02/06/23 23:00:00,A,CP_MEUR,F,B1G,LV,2016,1184.0,
ESTAT:NAMA_10_A10(1.0),02/06/23 23:00:00,A,CP_MEUR,F,B1G,LV,2017,1378.9,
ESTAT:NAMA_10_A10(1.0),02/06/23 23:00:00,A,CP_MEUR,F,B1G,LV,2018,1608.6,
ESTAT:NAMA_10_A10(1.0),02/06/23 23:00:00,A,CP_MEUR,F,B1G,LV,2019,1732.5,
ESTAT:NAMA_10_A10(1.0),02/06/23 23:00:00,A,CP_MEUR,F,B1G,LV,2020,1677.4,
ESTAT:NAMA_10_A10(1.0),02/06/23 23:00:00,A,CP_MEUR,F,B1G,LV,2021,1622.4,
ESTAT:NAMA_10_A10(1.0),02/06/23 23:00:00,A,CP_MEUR,F,B1G,LV,2022,1719.1,
ESTAT:NAMA_10_A10(1.0),02/06/23 23:00:00,A,CP_MEUR,F,B1G,MT,2000,236.5,
ESTAT:NAMA_10_A10(1.0),02/06/23 23:00:00,A,CP_MEUR,F,B1G,MT,2001,259.2,
ESTAT:NAMA_10_A10(1.0),02/06/23 23:00:00,A,CP_MEUR,F,B1G,MT,2002,322.9,
ESTAT:NAMA_10_A10(1.0),02/06/23 23:00:00,A,CP_MEUR,F,B1G,MT,2003,348.2,
ESTAT:NAMA_10_A10(1.0),02/06/23 23:00:00,A,CP_MEUR,F,B1G,MT,2004,343.9,
ESTAT:NAMA_10_A10(1.0),02/06/23 23:00:00,A,CP_MEUR,F,B1G,MT,2005,339.4,
ESTAT:NAMA_10_A10(1.0),02/06/23 23:00:00,A,CP_MEUR,F,B1G,MT,2006,302.4,
ESTAT:NAMA_10_A10(1.0),02/06/23 23:00:00,A,CP_MEUR,F,B1G,MT,2007,232.6,
ESTAT:NAMA_10_A10(1.0),02/06/23 23:00:00,A,CP_MEUR,F,B1G,MT,2008,252.6,
ESTAT:NAMA_10_A10(1.0),02/06/23 23:00:00,A,CP_MEUR,F,B1G,MT,2009,241.3,
ESTAT:NAMA_10_A10(1.0),02/06/23 23:00:00,A,CP_MEUR,F,B1G,MT,2010,285.7,
ESTAT:NAMA_10_A10(1.0),02/06/23 23:00:00,A,CP_MEUR,F,B1G,MT,2011,268.6,
ESTAT:NAMA_10_A10(1.0),02/06/23 23:00:00,A,CP_MEUR,F,B1G,MT,2012,266.1,
ESTAT:NAMA_10_A10(1.0),02/06/23 23:00:00,A,CP_MEUR,F,B1G,MT,2013,303.4,
ESTAT:NAMA_10_A10(1.0),02/06/23 23:00:00,A,CP_MEUR,F,B1G,MT,2014,283.5,
ESTAT:NAMA_10_A10(1.0),02/06/23 23:00:00,A,CP_MEUR,F,B1G,MT,2015,320.5,
ESTAT:NAMA_10_A10(1.0),02/06/23 23:00:00,A,CP_MEUR,F,B1G,MT,2016,333.6,
ESTAT:NAMA_10_A10(1.0),02/06/23 23:00:00,A,CP_MEUR,F,B1G,MT,2017,403.9,
ESTAT:NAMA_10_A10(1.0),02/06/23 23:00:00,A,CP_MEUR,F,B1G,MT,2018,460.6,
ESTAT:NAMA_10_A10(1.0),02/06/23 23:00:00,A,CP_MEUR,F,B1G,MT,2019,598.8,
ESTAT:NAMA_10_A10(1.0),02/06/23 23:00:00,A,CP_MEUR,F,B1G,MT,2020,606.1,
ESTAT:NAMA_10_A10(1.0),02/06/23 23:00:00,A,CP_MEUR,F,B1G,MT,2021,638.4,
ESTAT:NAMA_10_A10(1.0),02/06/23 23:00:00,A,CP_MEUR,F,B1G,MT,2022,673.4,
ESTAT:NAMA_10_A10(1.0),02/06/23 23:00:00,A,CP_MEUR,F,B1G,NL,2000,21651.0,
ESTAT:NAMA_10_A10(1.0),02/06/23 23:00:00,A,CP_MEUR,F,B1G,NL,2001,23624.0,
ESTAT:NAMA_10_A10(1.0),02/06/23 23:00:00,A,CP_MEUR,F,B1G,NL,2002,24887.0,
ESTAT:NAMA_10_A10(1.0),02/06/23 23:00:00,A,CP_MEUR,F,B1G,NL,2003,25047.0,
ESTAT:NAMA_10_A10(1.0),02/06/23 23:00:00,A,CP_MEUR,F,B1G,NL,2004,25327.0,
ESTAT:NAMA_10_A10(1.0),02/06/23 23:00:00,A,CP_MEUR,F,B1G,NL,2005,26702.0,
ESTAT:NAMA_10_A10(1.0),02/06/23 23:00:00,A,CP_MEUR,F,B1G,NL,2006,28529.0,
ESTAT:NAMA_10_A10(1.0),02/06/23 23:00:00,A,CP_MEUR,F,B1G,NL,2007,31030.0,
ESTAT:NAMA_10_A10(1.0),02/06/23 23:00:00,A,CP_MEUR,F,B1G,NL,2008,33336.0,
ESTAT:NAMA_10_A10(1.0),02/06/23 23:00:00,A,CP_MEUR,F,B1G,NL,2009,33516.0,
ESTAT:NAMA_10_A10(1.0),02/06/23 23:00:00,A,CP_MEUR,F,B1G,NL,2010,30186.0,
ESTAT:NAMA_10_A10(1.0),02/06/23 23:00:00,A,CP_MEUR,F,B1G,NL,2011,29794.0,
ESTAT:NAMA_10_A10(1.0),02/06/23 23:00:00,A,CP_MEUR,F,B1G,NL,2012,27254.0,
ESTAT:NAMA_10_A10(1.0),02/06/23 23:00:00,A,CP_MEUR,F,B1G,NL,2013,25632.0,
ESTAT:NAMA_10_A10(1.0),02/06/23 23:00:00,A,CP_MEUR,F,B1G,NL,2014,25882.0,
ESTAT:NAMA_10_A10(1.0),02/06/23 23:00:00,A,CP_MEUR,F,B1G,NL,2015,26394.0,
ESTAT:NAMA_10_A10(1.0),02/06/23 23:00:00,A,CP_MEUR,F,B1G,NL,2016,28188.0,
ESTAT:NAMA_10_A10(1.0),02/06/23 23:00:00,A,CP_MEUR,F,B1G,NL,2017,29970.0,
ESTAT:NAMA_10_A10(1.0),02/06/23 23:00:00,A,CP_MEUR,F,B1G,NL,2018,32544.0,
ESTAT:NAMA_10_A10(1.0),02/06/23 23:00:00,A,CP_MEUR,F,B1G,NL,2019,36001.0,
ESTAT:NAMA_10_A10(1.0),02/06/23 23:00:00,A,CP_MEUR,F,B1G,NL,2020,38241.0,
ESTAT:NAMA_10_A10(1.0),02/06/23 23:00:00,A,CP_MEUR,F,B1G,NL,2021,40100.0,p
ESTAT:NAMA_10_A10(1.0),02/06/23 23:00:00,A,CP_MEUR,F,B1G,NL,2022,39965.0,p
ESTAT:NAMA_10_A10(1.0),02/06/23 23:00:00,A,CP_MEUR,F,B1G,PL,2000,13596.9,
ESTAT:NAMA_10_A10(1.0),02/06/23 23:00:00,A,CP_MEUR,F,B1G,PL,2001,15234.3,
ESTAT:NAMA_10_A10(1.0),02/06/23 23:00:00,A,CP_MEUR,F,B1G,PL,2002,13779.5,
ESTAT:NAMA_10_A10(1.0),02/06/23 23:00:00,A,CP_MEUR,F,B1G,PL,2003,11587.4,
ESTAT:NAMA_10_A10(1.0),02/06/23 23:00:00,A,CP_MEUR,F,B1G,PL,2004,13086.5,
ESTAT:NAMA_10_A10(1.0),02/06/23 23:00:00,A,CP_MEUR,F,B1G,PL,2005,16397.5,
ESTAT:NAMA_10_A10(1.0),02/06/23 23:00:00,A,CP_MEUR,F,B1G,PL,2006,18404.5,
ESTAT:NAMA_10_A10(1.0),02/06/23 23:00:00,A,CP_MEUR,F,B1G,PL,2007,21387.0,
ESTAT:NAMA_10_A10(1.0),02/06/23 23:00:00,A,CP_MEUR,F,B1G,PL,2008,26186.9,
ESTAT:NAMA_10_A10(1.0),02/06/23 23:00:00,A,CP_MEUR,F,B1G,PL,2009,24032.7,
ESTAT:NAMA_10_A10(1.0),02/06/23 23:00:00,A,CP_MEUR,F,B1G,PL,2010,25886.8,
ESTAT:NAMA_10_A10(1.0),02/06/23 23:00:00,A,CP_MEUR,F,B1G,PL,2011,30047.6,
ESTAT:NAMA_10_A10(1.0),02/06/23 23:00:00,A,CP_MEUR,F,B1G,PL,2012,27784.3,
ESTAT:NAMA_10_A10(1.0),02/06/23 23:00:00,A,CP_MEUR,F,B1G,PL,2013,26383.8,
ESTAT:NAMA_10_A10(1.0),02/06/23 23:00:00,A,CP_MEUR,F,B1G,PL,2014,29201.1,
ESTAT:NAMA_10_A10(1.0),02/06/23 23:00:00,A,CP_MEUR,F,B1G,PL,2015,33012.1,
ESTAT:NAMA_10_A10(1.0),02/06/23 23:00:00,A,CP_MEUR,F,B1G,PL,2016,29262.9,
ESTAT:NAMA_10_A10(1.0),02/06/23 23:00:00,A,CP_MEUR,F,B1G,PL,2017,30197.3,
ESTAT:NAMA_10_A10(1.0),02/06/23 23:00:00,A,CP_MEUR,F,B1G,PL,2018,34573.3,
ESTAT:NAMA_10_A10(1.0),02/06/23 23:00:00,A,CP_MEUR,F,B1G,PL,2019,36259.1,
ESTAT:NAMA_10_A10(1.0),02/06/23 23:00:00,A,CP_MEUR,F,B1G,PL,2020,34605.7,
ESTAT:NAMA_10_A10(1.0),02/06/23 23:00:00,A,CP_MEUR,F,B1G,PL,2021,32320.6,
ESTAT:NAMA_10_A10(1.0),02/06/23 23:00:00,A,CP_MEUR,F,B1G,PL,2022,35424.6,
ESTAT:NAMA_10_A10(1.0),02/06/23 23:00:00,A,CP_MEUR,F,B1G,PT,2000,8602.8,
ESTAT:NAMA_10_A10(1.0),02/06/23 23:00:00,A,CP_MEUR,F,B1G,PT,2001,9226.6,
ESTAT:NAMA_10_A10(1.0),02/06/23 23:00:00,A,CP_MEUR,F,B1G,PT,2002,9479.4,
ESTAT:NAMA_10_A10(1.0),02/06/23 23:00:00,A,CP_MEUR,F,B1G,PT,2003,9157.8,
ESTAT:NAMA_10_A10(1.0),02/06/23 23:00:00,A,CP_MEUR,F,B1G,PT,2004,9465.0,
ESTAT:NAMA_10_A10(1.0),02/06/23 23:00:00,A,CP_MEUR,F,B1G,PT,2005,9538.3,
ESTAT:NAMA_10_A10(1.0),02/06/23 23:00:00,A,CP_MEUR,F,B1G,PT,2006,9682.1,
ESTAT:NAMA_10_A10(1.0),02/06/23 23:00:00,A,CP_MEUR,F,B1G,PT,2007,10291.2,
ESTAT:NAMA_10_A10(1.0),02/06/23 23:00:00,A,CP_MEUR,F,B1G,PT,2008,10528.8,
ESTAT:NAMA_10_A10(1.0),02/06/23 23:00:00,A,CP_MEUR,F,B1G,PT,2009,9767.9,
ESTAT:NAMA_10_A10(1.0),02/06/23 23:00:00,A,CP_MEUR,F,B1G,PT,2010,9224.9,
ESTAT:NAMA_10_A10(1.0),02/06/23 23:00:00,A,CP_MEUR,F,B1G,PT,2011,8464.3,
ESTAT:NAMA_10_A10(1.0),02/06/23 23:00:00,A,CP_MEUR,F,B1G,PT,2012,7168.6,
ESTAT:NAMA_10_A10(1.0),02/06/23 23:00:00,A,CP_MEUR,F,B1G,PT,2013,6767.1,
ESTAT:NAMA_10_A10(1.0),02/06/23 23:00:00,A,CP_MEUR,F,B1G,PT,2014,6298.0,
ESTAT:NAMA_10_A10(1.0),02/06/23 23:00:00,A,CP_MEUR,F,B1G,PT,2015,6391.4,
ESTAT:NAMA_10_A10(1.0),02/06/23 23:00:00,A,CP_MEUR,F,B1G,PT,2016,6523.4,
ESTAT:NAMA_10_A10(1.0),02/06/23 23:00:00,A,CP_MEUR,F,B1G,PT,2017,6864.3,
ESTAT:NAMA_10_A10(1.0),02/06/23 23:00:00,A,CP_MEUR,F,B1G,PT,2018,7463.8,
ESTAT:NAMA_10_A10(1.0),02/06/23 23:00:00,A,CP_MEUR,F,B1G,PT,2019,8087.2,
ESTAT:NAMA_10_A10(1.0),02/06/23 23:00:00,A,CP_MEUR,F,B1G,PT,2020,8298.3,
ESTAT:NAMA_10_A10(1.0),02/06/23 23:00:00,A,CP_MEUR,F,B1G,PT,2021,8938.6,p
ESTAT:NAMA_10_A10(1.0),02/06/23 23:00:00,A,CP_MEUR,F,B1G,PT,2022,9446.6,p
