DATAFLOW,LAST UPDATE,freq,indic_bt,cpa2_1,s_adj,unit,geo,TIME_PERIOD,OBS_VALUE,OBS_FLAG
ESTAT:STS_COBP_A(1.0),18/05/23 11:00:00,A,PSQM,CPA_F41001_41002,NSA,MIO_M2,AT,2010,9.6,
ESTAT:STS_COBP_A(1.0),18/05/23 11:00:00,A,PSQM,CPA_F41001_41002,NSA,MIO_M2,AT,2011,10.6,
ESTAT:STS_COBP_A(1.0),18/05/23 11:00:00,A,PSQM,CPA_F41001_41002,NSA,MIO_M2,AT,2012,9.3,
ESTAT:STS_COBP_A(1.0),18/05/23 11:00:00,A,PSQM,CPA_F41001_41002,NSA,MIO_M2,AT,2013,9.7,
ESTAT:STS_COBP_A(1.0),18/05/23 11:00:00,A,PSQM,CPA_F41001_41002,NSA,MIO_M2,AT,2014,10.2,
ESTAT:STS_COBP_A(1.0),18/05/23 11:00:00,A,PSQM,CPA_F41001_41002,NSA,MIO_M2,AT,2015,10.9,
ESTAT:STS_COBP_A(1.0),18/05/23 11:00:00,A,PSQM,CPA_F41001_41002,NSA,MIO_M2,AT,2016,11.3,
ESTAT:STS_COBP_A(1.0),18/05/23 11:00:00,A,PSQM,CPA_F41001_41002,NSA,MIO_M2,AT,2017,12.2,
ESTAT:STS_COBP_A(1.0),18/05/23 11:00:00,A,PSQM,CPA_F41001_41002,NSA,MIO_M2,AT,2018,11.2,
ESTAT:STS_COBP_A(1.0),18/05/23 11:00:00,A,PSQM,CPA_F41001_41002,NSA,MIO_M2,AT,2019,12.3,e
ESTAT:STS_COBP_A(1.0),18/05/23 11:00:00,A,PSQM,CPA_F41001_41002,NSA,MIO_M2,AT,2020,11.1,e
ESTAT:STS_COBP_A(1.0),18/05/23 11:00:00,A,PSQM,CPA_F41001_41002,NSA,MIO_M2,AT,2021,11.4,e
ESTAT:STS_COBP_A(1.0),18/05/23 11:00:00,A,PSQM,CPA_F41001_41002,NSA,MIO_M2,CY,2010,2.9,
ESTAT:STS_COBP_A(1.0),18/05/23 11:00:00,A,PSQM,CPA_F41001_41002,NSA,MIO_M2,CY,2011,2.2,
ESTAT:STS_COBP_A(1.0),18/05/23 11:00:00,A,PSQM,CPA_F41001_41002,NSA,MIO_M2,CY,2012,1.5,
ESTAT:STS_COBP_A(1.0),18/05/23 11:00:00,A,PSQM,CPA_F41001_41002,NSA,MIO_M2,CY,2013,1.0,
ESTAT:STS_COBP_A(1.0),18/05/23 11:00:00,A,PSQM,CPA_F41001_41002,NSA,MIO_M2,CY,2014,0.8,
ESTAT:STS_COBP_A(1.0),18/05/23 11:00:00,A,PSQM,CPA_F41001_41002,NSA,MIO_M2,CY,2015,0.9,
ESTAT:STS_COBP_A(1.0),18/05/23 11:00:00,A,PSQM,CPA_F41001_41002,NSA,MIO_M2,CY,2016,1.0,
ESTAT:STS_COBP_A(1.0),18/05/23 11:00:00,A,PSQM,CPA_F41001_41002,NSA,MIO_M2,CY,2017,1.5,
ESTAT:STS_COBP_A(1.0),18/05/23 11:00:00,A,PSQM,CPA_F41001_41002,NSA,MIO_M2,CY,2018,1.7,
ESTAT:STS_COBP_A(1.0),18/05/23 11:00:00,A,PSQM,CPA_F41001_41002,NSA,MIO_M2,CY,2019,2.6,
ESTAT:STS_COBP_A(1.0),18/05/23 11:00:00,A,PSQM,CPA_F41001_41002,NSA,MIO_M2,CY,2020,2.2,
ESTAT:STS_COBP_A(1.0),18/05/23 11:00:00,A,PSQM,CPA_F41001_41002,NSA,MIO_M2,CY,2021,2.3,
ESTAT:STS_COBP_A(1.0),18/05/23 11:00:00,A,PSQM,CPA_F41001_41002,NSA,MIO_M2,DE,2010,52.0,
ESTAT:STS_COBP_A(1.0),18/05/23 11:00:00,A,PSQM,CPA_F41001_41002,NSA,MIO_M2,DE,2011,59.4,
ESTAT:STS_COBP_A(1.0),18/05/23 11:00:00,A,PSQM,CPA_F41001_41002,NSA,MIO_M2,DE,2012,59.6,
ESTAT:STS_COBP_A(1.0),18/05/23 11:00:00,A,PSQM,CPA_F41001_41002,NSA,MIO_M2,DE,2013,60.8,
ESTAT:STS_COBP_A(1.0),18/05/23 11:00:00,A,PSQM,CPA_F41001_41002,NSA,MIO_M2,DE,2014,59.5,
ESTAT:STS_COBP_A(1.0),18/05/23 11:00:00,A,PSQM,CPA_F41001_41002,NSA,MIO_M2,DE,2015,62.1,
ESTAT:STS_COBP_A(1.0),18/05/23 11:00:00,A,PSQM,CPA_F41001_41002,NSA,MIO_M2,DE,2016,70.1,
ESTAT:STS_COBP_A(1.0),18/05/23 11:00:00,A,PSQM,CPA_F41001_41002,NSA,MIO_M2,DE,2017,68.2,
ESTAT:STS_COBP_A(1.0),18/05/23 11:00:00,A,PSQM,CPA_F41001_41002,NSA,MIO_M2,DE,2018,70.4,
ESTAT:STS_COBP_A(1.0),18/05/23 11:00:00,A,PSQM,CPA_F41001_41002,NSA,MIO_M2,DE,2019,71.6,
ESTAT:STS_COBP_A(1.0),18/05/23 11:00:00,A,PSQM,CPA_F41001_41002,NSA,MIO_M2,DE,2020,73.8,
ESTAT:STS_COBP_A(1.0),18/05/23 11:00:00,A,PSQM,CPA_F41001_41002,NSA,MIO_M2,DE,2021,75.0,
ESTAT:STS_COBP_A(1.0),18/05/23 11:00:00,A,PSQM,CPA_F41001_41002,NSA,MIO_M2,DK,2010,6.5,e
ESTAT:STS_COBP_A(1.0),18/05/23 11:00:00,A,PSQM,CPA_F41001_41002,NSA,MIO_M2,DK,2011,6.4,e
ESTAT:STS_COBP_A(1.0),18/05/23 11:00:00,A,PSQM,CPA_F41001_41002,NSA,MIO_M2,DK,2012,5.7,e
ESTAT:STS_COBP_A(1.0),18/05/23 11:00:00,A,PSQM,CPA_F41001_41002,NSA,MIO_M2,DK,2013,5.6,e
ESTAT:STS_COBP_A(1.0),18/05/23 11:00:00,A,PSQM,CPA_F41001_41002,NSA,MIO_M2,DK,2014,6.1,e
ESTAT:STS_COBP_A(1.0),18/05/23 11:00:00,A,PSQM,CPA_F41001_41002,NSA,MIO_M2,DK,2015,6.9,e
ESTAT:STS_COBP_A(1.0),18/05/23 11:00:00,A,PSQM,CPA_F41001_41002,NSA,MIO_M2,DK,2016,7.7,e
ESTAT:STS_COBP_A(1.0),18/05/23 11:00:00,A,PSQM,CPA_F41001_41002,NSA,MIO_M2,DK,2017,7.6,e
ESTAT:STS_COBP_A(1.0),18/05/23 11:00:00,A,PSQM,CPA_F41001_41002,NSA,MIO_M2,DK,2018,8.9,e
ESTAT:STS_COBP_A(1.0),18/05/23 11:00:00,A,PSQM,CPA_F41001_41002,NSA,MIO_M2,DK,2019,8.6,e
ESTAT:STS_COBP_A(1.0),18/05/23 11:00:00,A,PSQM,CPA_F41001_41002,NSA,MIO_M2,DK,2020,8.6,e
ESTAT:STS_COBP_A(1.0),18/05/23 11:00:00,A,PSQM,CPA_F41001_41002,NSA,MIO_M2,DK,2021,8.7,e
ESTAT:STS_COBP_A(1.0),18/05/23 11:00:00,A,PSQM,CPA_F41001_41002,NSA,MIO_M2,EE,2010,0.9,
ESTAT:STS_COBP_A(1.0),18/05/23 11:00:00,A,PSQM,CPA_F41001_41002,NSA,MIO_M2,EE,2011,1.0,
ESTAT:STS_COBP_A(1.0),18/05/23 11:00:00,A,PSQM,CPA_F41001_41002,NSA,MIO_M2,EE,2012,1.3,
ESTAT:STS_COBP_A(1.0),18/05/23 11:00:00,A,PSQM,CPA_F41001_41002,NSA,MIO_M2,EE,2013,1.2,
ESTAT:STS_COBP_A(1.0),18/05/23 11:00:00,A,PSQM,CPA_F41001_41002,NSA,MIO_M2,EE,2014,1.3,
ESTAT:STS_COBP_A(1.0),18/05/23 11:00:00,A,PSQM,CPA_F41001_41002,NSA,MIO_M2,EE,2015,1.8,
ESTAT:STS_COBP_A(1.0),18/05/23 11:00:00,A,PSQM,CPA_F41001_41002,NSA,MIO_M2,EE,2016,1.7,
ESTAT:STS_COBP_A(1.0),18/05/23 11:00:00,A,PSQM,CPA_F41001_41002,NSA,MIO_M2,EE,2017,2.1,
ESTAT:STS_COBP_A(1.0),18/05/23 11:00:00,A,PSQM,CPA_F41001_41002,NSA,MIO_M2,EE,2018,1.7,
ESTAT:STS_COBP_A(1.0),18/05/23 11:00:00,A,PSQM,CPA_F41001_41002,NSA,MIO_M2,EE,2019,1.6,
ESTAT:STS_COBP_A(1.0),18/05/23 11:00:00,A,PSQM,CPA_F41001_41002,NSA,MIO_M2,EE,2020,2.1,
ESTAT:STS_COBP_A(1.0),18/05/23 11:00:00,A,PSQM,CPA_F41001_41002,NSA,MIO_M2,EE,2021,2.0,
ESTAT:STS_COBP_A(1.0),18/05/23 11:00:00,A,PSQM,CPA_F41001_41002,NSA,MIO_M2,EL,2010,6.7,p
ESTAT:STS_COBP_A(1.0),18/05/23 11:00:00,A,PSQM,CPA_F41001_41002,NSA,MIO_M2,EL,2011,3.7,p
ESTAT:STS_COBP_A(1.0),18/05/23 11:00:00,A,PSQM,CPA_F41001_41002,NSA,MIO_M2,EL,2012,2.3,p
ESTAT:STS_COBP_A(1.0),18/05/23 11:00:00,A,PSQM,CPA_F41001_41002,NSA,MIO_M2,EL,2013,1.5,p
ESTAT:STS_COBP_A(1.0),18/05/23 11:00:00,A,PSQM,CPA_F41001_41002,NSA,MIO_M2,EL,2014,1.3,p
ESTAT:STS_COBP_A(1.0),18/05/23 11:00:00,A,PSQM,CPA_F41001_41002,NSA,MIO_M2,EL,2015,1.4,p
ESTAT:STS_COBP_A(1.0),18/05/23 11:00:00,A,PSQM,CPA_F41001_41002,NSA,MIO_M2,EL,2016,1.1,p
ESTAT:STS_COBP_A(1.0),18/05/23 11:00:00,A,PSQM,CPA_F41001_41002,NSA,MIO_M2,EL,2017,1.5,p
ESTAT:STS_COBP_A(1.0),18/05/23 11:00:00,A,PSQM,CPA_F41001_41002,NSA,MIO_M2,EL,2018,2.0,p
ESTAT:STS_COBP_A(1.0),18/05/23 11:00:00,A,PSQM,CPA_F41001_41002,NSA,MIO_M2,EL,2019,2.2,p
ESTAT:STS_COBP_A(1.0),18/05/23 11:00:00,A,PSQM,CPA_F41001_41002,NSA,MIO_M2,EL,2020,2.4,p
ESTAT:STS_COBP_A(1.0),18/05/23 11:00:00,A,PSQM,CPA_F41001_41002,NSA,MIO_M2,EL,2021,3.7,p
ESTAT:STS_COBP_A(1.0),18/05/23 11:00:00,A,PSQM,CPA_F41001_41002,NSA,MIO_M2,ES,2010,26.4,
ESTAT:STS_COBP_A(1.0),18/05/23 11:00:00,A,PSQM,CPA_F41001_41002,NSA,MIO_M2,ES,2011,22.9,
ESTAT:STS_COBP_A(1.0),18/05/23 11:00:00,A,PSQM,CPA_F41001_41002,NSA,MIO_M2,ES,2012,19.3,
ESTAT:STS_COBP_A(1.0),18/05/23 11:00:00,A,PSQM,CPA_F41001_41002,NSA,MIO_M2,ES,2013,15.1,
ESTAT:STS_COBP_A(1.0),18/05/23 11:00:00,A,PSQM,CPA_F41001_41002,NSA,MIO_M2,ES,2014,14.9,
ESTAT:STS_COBP_A(1.0),18/05/23 11:00:00,A,PSQM,CPA_F41001_41002,NSA,MIO_M2,ES,2015,14.9,
ESTAT:STS_COBP_A(1.0),18/05/23 11:00:00,A,PSQM,CPA_F41001_41002,NSA,MIO_M2,ES,2016,18.3,
ESTAT:STS_COBP_A(1.0),18/05/23 11:00:00,A,PSQM,CPA_F41001_41002,NSA,MIO_M2,ES,2017,23.0,
ESTAT:STS_COBP_A(1.0),18/05/23 11:00:00,A,PSQM,CPA_F41001_41002,NSA,MIO_M2,ES,2018,24.0,
ESTAT:STS_COBP_A(1.0),18/05/23 11:00:00,A,PSQM,CPA_F41001_41002,NSA,MIO_M2,ES,2019,22.7,
ESTAT:STS_COBP_A(1.0),18/05/23 11:00:00,A,PSQM,CPA_F41001_41002,NSA,MIO_M2,ES,2020,12.2,
ESTAT:STS_COBP_A(1.0),18/05/23 11:00:00,A,PSQM,CPA_F41001_41002,NSA,MIO_M2,ES,2021,19.8,
ESTAT:STS_COBP_A(1.0),18/05/23 11:00:00,A,PSQM,CPA_F41001_41002,NSA,MIO_M2,FI,2010,9.2,
ESTAT:STS_COBP_A(1.0),18/05/23 11:00:00,A,PSQM,CPA_F41001_41002,NSA,MIO_M2,FI,2011,9.6,
ESTAT:STS_COBP_A(1.0),18/05/23 11:00:00,A,PSQM,CPA_F41001_41002,NSA,MIO_M2,FI,2012,8.7,
ESTAT:STS_COBP_A(1.0),18/05/23 11:00:00,A,PSQM,CPA_F41001_41002,NSA,MIO_M2,FI,2013,8.1,
ESTAT:STS_COBP_A(1.0),18/05/23 11:00:00,A,PSQM,CPA_F41001_41002,NSA,MIO_M2,FI,2014,7.4,
ESTAT:STS_COBP_A(1.0),18/05/23 11:00:00,A,PSQM,CPA_F41001_41002,NSA,MIO_M2,FI,2015,7.5,
ESTAT:STS_COBP_A(1.0),18/05/23 11:00:00,A,PSQM,CPA_F41001_41002,NSA,MIO_M2,FI,2016,8.3,
ESTAT:STS_COBP_A(1.0),18/05/23 11:00:00,A,PSQM,CPA_F41001_41002,NSA,MIO_M2,FI,2017,8.9,
ESTAT:STS_COBP_A(1.0),18/05/23 11:00:00,A,PSQM,CPA_F41001_41002,NSA,MIO_M2,FI,2018,8.6,
ESTAT:STS_COBP_A(1.0),18/05/23 11:00:00,A,PSQM,CPA_F41001_41002,NSA,MIO_M2,FI,2019,8.7,
ESTAT:STS_COBP_A(1.0),18/05/23 11:00:00,A,PSQM,CPA_F41001_41002,NSA,MIO_M2,FI,2020,8.0,
ESTAT:STS_COBP_A(1.0),18/05/23 11:00:00,A,PSQM,CPA_F41001_41002,NSA,MIO_M2,FI,2021,8.6,
ESTAT:STS_COBP_A(1.0),18/05/23 11:00:00,A,PSQM,CPA_F41001_41002,NSA,MIO_M2,FR,2010,84.9,
ESTAT:STS_COBP_A(1.0),18/05/23 11:00:00,A,PSQM,CPA_F41001_41002,NSA,MIO_M2,FR,2011,90.2,
ESTAT:STS_COBP_A(1.0),18/05/23 11:00:00,A,PSQM,CPA_F41001_41002,NSA,MIO_M2,FR,2012,85.8,
ESTAT:STS_COBP_A(1.0),18/05/23 11:00:00,A,PSQM,CPA_F41001_41002,NSA,MIO_M2,FR,2013,77.6,
ESTAT:STS_COBP_A(1.0),18/05/23 11:00:00,A,PSQM,CPA_F41001_41002,NSA,MIO_M2,FR,2014,67.8,
ESTAT:STS_COBP_A(1.0),18/05/23 11:00:00,A,PSQM,CPA_F41001_41002,NSA,MIO_M2,FR,2015,68.8,
ESTAT:STS_COBP_A(1.0),18/05/23 11:00:00,A,PSQM,CPA_F41001_41002,NSA,MIO_M2,FR,2016,75.4,
ESTAT:STS_COBP_A(1.0),18/05/23 11:00:00,A,PSQM,CPA_F41001_41002,NSA,MIO_M2,FR,2017,80.7,
ESTAT:STS_COBP_A(1.0),18/05/23 11:00:00,A,PSQM,CPA_F41001_41002,NSA,MIO_M2,FR,2018,77.2,
ESTAT:STS_COBP_A(1.0),18/05/23 11:00:00,A,PSQM,CPA_F41001_41002,NSA,MIO_M2,FR,2019,79.4,
ESTAT:STS_COBP_A(1.0),18/05/23 11:00:00,A,PSQM,CPA_F41001_41002,NSA,MIO_M2,FR,2020,66.9,
ESTAT:STS_COBP_A(1.0),18/05/23 11:00:00,A,PSQM,CPA_F41001_41002,NSA,MIO_M2,FR,2021,78.2,
ESTAT:STS_COBP_A(1.0),18/05/23 11:00:00,A,PSQM,CPA_F41001_41002,NSA,MIO_M2,HR,2010,2.8,
ESTAT:STS_COBP_A(1.0),18/05/23 11:00:00,A,PSQM,CPA_F41001_41002,NSA,MIO_M2,HR,2011,2.2,
ESTAT:STS_COBP_A(1.0),18/05/23 11:00:00,A,PSQM,CPA_F41001_41002,NSA,MIO_M2,HR,2012,1.7,
ESTAT:STS_COBP_A(1.0),18/05/23 11:00:00,A,PSQM,CPA_F41001_41002,NSA,MIO_M2,HR,2013,1.4,
ESTAT:STS_COBP_A(1.0),18/05/23 11:00:00,A,PSQM,CPA_F41001_41002,NSA,MIO_M2,HR,2014,1.6,
ESTAT:STS_COBP_A(1.0),18/05/23 11:00:00,A,PSQM,CPA_F41001_41002,NSA,MIO_M2,HR,2015,2.1,
ESTAT:STS_COBP_A(1.0),18/05/23 11:00:00,A,PSQM,CPA_F41001_41002,NSA,MIO_M2,HR,2016,2.2,
ESTAT:STS_COBP_A(1.0),18/05/23 11:00:00,A,PSQM,CPA_F41001_41002,NSA,MIO_M2,HR,2017,2.4,
ESTAT:STS_COBP_A(1.0),18/05/23 11:00:00,A,PSQM,CPA_F41001_41002,NSA,MIO_M2,HR,2018,2.2,
ESTAT:STS_COBP_A(1.0),18/05/23 11:00:00,A,PSQM,CPA_F41001_41002,NSA,MIO_M2,HR,2019,2.6,
ESTAT:STS_COBP_A(1.0),18/05/23 11:00:00,A,PSQM,CPA_F41001_41002,NSA,MIO_M2,HR,2020,2.4,
ESTAT:STS_COBP_A(1.0),18/05/23 11:00:00,A,PSQM,CPA_F41001_41002,NSA,MIO_M2,HR,2021,2.9,
ESTAT:STS_COBP_A(1.0),18/05/23 11:00:00,A,PSQM,CPA_F41001_41002,NSA,MIO_M2,HU,2010,4.7,
ESTAT:STS_COBP_A(1.0),18/05/23 11:00:00,A,PSQM,CPA_F41001_41002,NSA,MIO_M2,HU,2011,3.6,
ESTAT:STS_COBP_A(1.0),18/05/23 11:00:00,A,PSQM,CPA_F41001_41002,NSA,MIO_M2,HU,2012,3.8,
ESTAT:STS_COBP_A(1.0),18/05/23 11:00:00,A,PSQM,CPA_F41001_41002,NSA,MIO_M2,HU,2013,3.5,
ESTAT:STS_COBP_A(1.0),18/05/23 11:00:00,A,PSQM,CPA_F41001_41002,NSA,MIO_M2,HU,2014,3.5,
ESTAT:STS_COBP_A(1.0),18/05/23 11:00:00,A,PSQM,CPA_F41001_41002,NSA,MIO_M2,HU,2015,4.6,
ESTAT:STS_COBP_A(1.0),18/05/23 11:00:00,A,PSQM,CPA_F41001_41002,NSA,MIO_M2,HU,2016,7.7,
ESTAT:STS_COBP_A(1.0),18/05/23 11:00:00,A,PSQM,CPA_F41001_41002,NSA,MIO_M2,HU,2017,8.6,
ESTAT:STS_COBP_A(1.0),18/05/23 11:00:00,A,PSQM,CPA_F41001_41002,NSA,MIO_M2,HU,2018,8.7,
ESTAT:STS_COBP_A(1.0),18/05/23 11:00:00,A,PSQM,CPA_F41001_41002,NSA,MIO_M2,HU,2019,7.8,
ESTAT:STS_COBP_A(1.0),18/05/23 11:00:00,A,PSQM,CPA_F41001_41002,NSA,MIO_M2,HU,2020,6.6,
ESTAT:STS_COBP_A(1.0),18/05/23 11:00:00,A,PSQM,CPA_F41001_41002,NSA,MIO_M2,HU,2021,8.4,
ESTAT:STS_COBP_A(1.0),18/05/23 11:00:00,A,PSQM,CPA_F41001_41002,NSA,MIO_M2,IE,2010,4.4,
ESTAT:STS_COBP_A(1.0),18/05/23 11:00:00,A,PSQM,CPA_F41001_41002,NSA,MIO_M2,IE,2011,3.3,
ESTAT:STS_COBP_A(1.0),18/05/23 11:00:00,A,PSQM,CPA_F41001_41002,NSA,MIO_M2,IE,2012,2.4,
ESTAT:STS_COBP_A(1.0),18/05/23 11:00:00,A,PSQM,CPA_F41001_41002,NSA,MIO_M2,IE,2013,2.6,
ESTAT:STS_COBP_A(1.0),18/05/23 11:00:00,A,PSQM,CPA_F41001_41002,NSA,MIO_M2,IE,2014,2.4,
ESTAT:STS_COBP_A(1.0),18/05/23 11:00:00,A,PSQM,CPA_F41001_41002,NSA,MIO_M2,IE,2015,4.0,
ESTAT:STS_COBP_A(1.0),18/05/23 11:00:00,A,PSQM,CPA_F41001_41002,NSA,MIO_M2,IE,2016,4.6,
ESTAT:STS_COBP_A(1.0),18/05/23 11:00:00,A,PSQM,CPA_F41001_41002,NSA,MIO_M2,IE,2017,5.0,
ESTAT:STS_COBP_A(1.0),18/05/23 11:00:00,A,PSQM,CPA_F41001_41002,NSA,MIO_M2,IE,2018,6.5,
ESTAT:STS_COBP_A(1.0),18/05/23 11:00:00,A,PSQM,CPA_F41001_41002,NSA,MIO_M2,IE,2019,7.3,
ESTAT:STS_COBP_A(1.0),18/05/23 11:00:00,A,PSQM,CPA_F41001_41002,NSA,MIO_M2,IE,2020,7.2,
ESTAT:STS_COBP_A(1.0),18/05/23 11:00:00,A,PSQM,CPA_F41001_41002,NSA,MIO_M2,IE,2021,7.6,
ESTAT:STS_COBP_A(1.0),18/05/23 11:00:00,A,PSQM,CPA_F41001_41002,NSA,MIO_M2,IT,2010,20.7,
ESTAT:STS_COBP_A(1.0),18/05/23 11:00:00,A,PSQM,CPA_F41001_41002,NSA,MIO_M2,IT,2011,18.4,
ESTAT:STS_COBP_A(1.0),18/05/23 11:00:00,A,PSQM,CPA_F41001_41002,NSA,MIO_M2,IT,2012,14.2,
ESTAT:STS_COBP_A(1.0),18/05/23 11:00:00,A,PSQM,CPA_F41001_41002,NSA,MIO_M2,IT,2013,10.5,
ESTAT:STS_COBP_A(1.0),18/05/23 11:00:00,A,PSQM,CPA_F41001_41002,NSA,MIO_M2,IT,2014,8.7,
ESTAT:STS_COBP_A(1.0),18/05/23 11:00:00,A,PSQM,CPA_F41001_41002,NSA,MIO_M2,IT,2015,9.4,
ESTAT:STS_COBP_A(1.0),18/05/23 11:00:00,A,PSQM,CPA_F41001_41002,NSA,MIO_M2,IT,2016,10.0,
ESTAT:STS_COBP_A(1.0),18/05/23 11:00:00,A,PSQM,CPA_F41001_41002,NSA,MIO_M2,IT,2017,12.0,
ESTAT:STS_COBP_A(1.0),18/05/23 11:00:00,A,PSQM,CPA_F41001_41002,NSA,MIO_M2,IT,2018,14.1,
ESTAT:STS_COBP_A(1.0),18/05/23 11:00:00,A,PSQM,CPA_F41001_41002,NSA,MIO_M2,IT,2019,14.1,
ESTAT:STS_COBP_A(1.0),18/05/23 11:00:00,A,PSQM,CPA_F41001_41002,NSA,MIO_M2,IT,2020,10.9,
ESTAT:STS_COBP_A(1.0),18/05/23 11:00:00,A,PSQM,CPA_F41001_41002,NSA,MIO_M2,IT,2021,12.7,
ESTAT:STS_COBP_A(1.0),18/05/23 11:00:00,A,PSQM,CPA_F41001_41002,NSA,MIO_M2,LT,2010,2.5,
ESTAT:STS_COBP_A(1.0),18/05/23 11:00:00,A,PSQM,CPA_F41001_41002,NSA,MIO_M2,LT,2011,2.0,
ESTAT:STS_COBP_A(1.0),18/05/23 11:00:00,A,PSQM,CPA_F41001_41002,NSA,MIO_M2,LT,2012,2.5,
ESTAT:STS_COBP_A(1.0),18/05/23 11:00:00,A,PSQM,CPA_F41001_41002,NSA,MIO_M2,LT,2013,3.0,
ESTAT:STS_COBP_A(1.0),18/05/23 11:00:00,A,PSQM,CPA_F41001_41002,NSA,MIO_M2,LT,2014,2.7,
ESTAT:STS_COBP_A(1.0),18/05/23 11:00:00,A,PSQM,CPA_F41001_41002,NSA,MIO_M2,LT,2015,3.1,
ESTAT:STS_COBP_A(1.0),18/05/23 11:00:00,A,PSQM,CPA_F41001_41002,NSA,MIO_M2,LT,2016,3.2,
ESTAT:STS_COBP_A(1.0),18/05/23 11:00:00,A,PSQM,CPA_F41001_41002,NSA,MIO_M2,LT,2017,3.1,
ESTAT:STS_COBP_A(1.0),18/05/23 11:00:00,A,PSQM,CPA_F41001_41002,NSA,MIO_M2,LT,2018,3.2,
ESTAT:STS_COBP_A(1.0),18/05/23 11:00:00,A,PSQM,CPA_F41001_41002,NSA,MIO_M2,LT,2019,2.9,
ESTAT:STS_COBP_A(1.0),18/05/23 11:00:00,A,PSQM,CPA_F41001_41002,NSA,MIO_M2,LT,2020,3.0,
ESTAT:STS_COBP_A(1.0),18/05/23 11:00:00,A,PSQM,CPA_F41001_41002,NSA,MIO_M2,LT,2021,3.7,
ESTAT:STS_COBP_A(1.0),18/05/23 11:00:00,A,PSQM,CPA_F41001_41002,NSA,MIO_M2,LU,2010,1.4,
ESTAT:STS_COBP_A(1.0),18/05/23 11:00:00,A,PSQM,CPA_F41001_41002,NSA,MIO_M2,LU,2011,1.7,
ESTAT:STS_COBP_A(1.0),18/05/23 11:00:00,A,PSQM,CPA_F41001_41002,NSA,MIO_M2,LU,2012,1.6,
ESTAT:STS_COBP_A(1.0),18/05/23 11:00:00,A,PSQM,CPA_F41001_41002,NSA,MIO_M2,LU,2013,1.6,
ESTAT:STS_COBP_A(1.0),18/05/23 11:00:00,A,PSQM,CPA_F41001_41002,NSA,MIO_M2,LU,2014,2.1,
ESTAT:STS_COBP_A(1.0),18/05/23 11:00:00,A,PSQM,CPA_F41001_41002,NSA,MIO_M2,LU,2015,2.0,
ESTAT:STS_COBP_A(1.0),18/05/23 11:00:00,A,PSQM,CPA_F41001_41002,NSA,MIO_M2,LU,2016,1.6,
ESTAT:STS_COBP_A(1.0),18/05/23 11:00:00,A,PSQM,CPA_F41001_41002,NSA,MIO_M2,LU,2017,2.0,
ESTAT:STS_COBP_A(1.0),18/05/23 11:00:00,A,PSQM,CPA_F41001_41002,NSA,MIO_M2,LU,2018,1.9,
ESTAT:STS_COBP_A(1.0),18/05/23 11:00:00,A,PSQM,CPA_F41001_41002,NSA,MIO_M2,LU,2019,1.9,
ESTAT:STS_COBP_A(1.0),18/05/23 11:00:00,A,PSQM,CPA_F41001_41002,NSA,MIO_M2,LU,2020,1.7,
ESTAT:STS_COBP_A(1.0),18/05/23 11:00:00,A,PSQM,CPA_F41001_41002,NSA,MIO_M2,LU,2021,1.8,
ESTAT:STS_COBP_A(1.0),18/05/23 11:00:00,A,PSQM,CPA_F41001_41002,NSA,MIO_M2,LV,2010,1.4,
ESTAT:STS_COBP_A(1.0),18/05/23 11:00:00,A,PSQM,CPA_F41001_41002,NSA,MIO_M2,LV,2011,1.7,
ESTAT:STS_COBP_A(1.0),18/05/23 11:00:00,A,PSQM,CPA_F41001_41002,NSA,MIO_M2,LV,2012,1.3,
ESTAT:STS_COBP_A(1.0),18/05/23 11:00:00,A,PSQM,CPA_F41001_41002,NSA,MIO_M2,LV,2013,1.8,
ESTAT:STS_COBP_A(1.0),18/05/23 11:00:00,A,PSQM,CPA_F41001_41002,NSA,MIO_M2,LV,2014,1.3,
ESTAT:STS_COBP_A(1.0),18/05/23 11:00:00,A,PSQM,CPA_F41001_41002,NSA,MIO_M2,LV,2015,0.9,
ESTAT:STS_COBP_A(1.0),18/05/23 11:00:00,A,PSQM,CPA_F41001_41002,NSA,MIO_M2,LV,2016,0.8,
ESTAT:STS_COBP_A(1.0),18/05/23 11:00:00,A,PSQM,CPA_F41001_41002,NSA,MIO_M2,LV,2017,0.9,
ESTAT:STS_COBP_A(1.0),18/05/23 11:00:00,A,PSQM,CPA_F41001_41002,NSA,MIO_M2,LV,2018,1.2,
ESTAT:STS_COBP_A(1.0),18/05/23 11:00:00,A,PSQM,CPA_F41001_41002,NSA,MIO_M2,LV,2019,1.5,
ESTAT:STS_COBP_A(1.0),18/05/23 11:00:00,A,PSQM,CPA_F41001_41002,NSA,MIO_M2,LV,2020,1.3,
ESTAT:STS_COBP_A(1.0),18/05/23 11:00:00,A,PSQM,CPA_F41001_41002,NSA,MIO_M2,LV,2021,1.6,
ESTAT:STS_COBP_A(1.0),18/05/23 11:00:00,A,PSQM,CPA_F41001_41002,NSA,MIO_M2,MT,2010,1.0,p
ESTAT:STS_COBP_A(1.0),18/05/23 11:00:00,A,PSQM,CPA_F41001_41002,NSA,MIO_M2,MT,2011,0.7,p
ESTAT:STS_COBP_A(1.0),18/05/23 11:00:00,A,PSQM,CPA_F41001_41002,NSA,MIO_M2,MT,2012,0.7,p
ESTAT:STS_COBP_A(1.0),18/05/23 11:00:00,A,PSQM,CPA_F41001_41002,NSA,MIO_M2,MT,2013,0.9,p
ESTAT:STS_COBP_A(1.0),18/05/23 11:00:00,A,PSQM,CPA_F41001_41002,NSA,MIO_M2,MT,2014,0.9,p
ESTAT:STS_COBP_A(1.0),18/05/23 11:00:00,A,PSQM,CPA_F41001_41002,NSA,MIO_M2,MT,2015,1.1,p
ESTAT:STS_COBP_A(1.0),18/05/23 11:00:00,A,PSQM,CPA_F41001_41002,NSA,MIO_M2,MT,2016,1.6,p
ESTAT:STS_COBP_A(1.0),18/05/23 11:00:00,A,PSQM,CPA_F41001_41002,NSA,MIO_M2,MT,2017,1.9,p
ESTAT:STS_COBP_A(1.0),18/05/23 11:00:00,A,PSQM,CPA_F41001_41002,NSA,MIO_M2,MT,2018,1.9,p
ESTAT:STS_COBP_A(1.0),18/05/23 11:00:00,A,PSQM,CPA_F41001_41002,NSA,MIO_M2,MT,2019,1.9,p
ESTAT:STS_COBP_A(1.0),18/05/23 11:00:00,A,PSQM,CPA_F41001_41002,NSA,MIO_M2,MT,2020,1.2,p
ESTAT:STS_COBP_A(1.0),18/05/23 11:00:00,A,PSQM,CPA_F41001_41002,NSA,MIO_M2,MT,2021,1.7,p
ESTAT:STS_COBP_A(1.0),18/05/23 11:00:00,A,PSQM,CPA_F41001_41002,NSA,MIO_M2,NL,2010,21.3,
ESTAT:STS_COBP_A(1.0),18/05/23 11:00:00,A,PSQM,CPA_F41001_41002,NSA,MIO_M2,NL,2011,21.6,
ESTAT:STS_COBP_A(1.0),18/05/23 11:00:00,A,PSQM,CPA_F41001_41002,NSA,MIO_M2,NL,2012,15.4,
ESTAT:STS_COBP_A(1.0),18/05/23 11:00:00,A,PSQM,CPA_F41001_41002,NSA,MIO_M2,NL,2013,11.9,
ESTAT:STS_COBP_A(1.0),18/05/23 11:00:00,A,PSQM,CPA_F41001_41002,NSA,MIO_M2,NL,2014,13.8,
ESTAT:STS_COBP_A(1.0),18/05/23 11:00:00,A,PSQM,CPA_F41001_41002,NSA,MIO_M2,NL,2015,16.7,
ESTAT:STS_COBP_A(1.0),18/05/23 11:00:00,A,PSQM,CPA_F41001_41002,NSA,MIO_M2,NL,2016,18.0,
ESTAT:STS_COBP_A(1.0),18/05/23 11:00:00,A,PSQM,CPA_F41001_41002,NSA,MIO_M2,NL,2017,22.4,
ESTAT:STS_COBP_A(1.0),18/05/23 11:00:00,A,PSQM,CPA_F41001_41002,NSA,MIO_M2,NL,2018,23.0,
ESTAT:STS_COBP_A(1.0),18/05/23 11:00:00,A,PSQM,CPA_F41001_41002,NSA,MIO_M2,NL,2019,19.0,
ESTAT:STS_COBP_A(1.0),18/05/23 11:00:00,A,PSQM,CPA_F41001_41002,NSA,MIO_M2,NL,2020,21.4,p
ESTAT:STS_COBP_A(1.0),18/05/23 11:00:00,A,PSQM,CPA_F41001_41002,NSA,MIO_M2,NL,2021,23.9,p
ESTAT:STS_COBP_A(1.0),18/05/23 11:00:00,A,PSQM,CPA_F41001_41002,NSA,MIO_M2,NO,2010,8.8,
ESTAT:STS_COBP_A(1.0),18/05/23 11:00:00,A,PSQM,CPA_F41001_41002,NSA,MIO_M2,NO,2011,9.3,
ESTAT:STS_COBP_A(1.0),18/05/23 11:00:00,A,PSQM,CPA_F41001_41002,NSA,MIO_M2,NO,2012,9.5,
ESTAT:STS_COBP_A(1.0),18/05/23 11:00:00,A,PSQM,CPA_F41001_41002,NSA,MIO_M2,NO,2013,9.4,
ESTAT:STS_COBP_A(1.0),18/05/23 11:00:00,A,PSQM,CPA_F41001_41002,NSA,MIO_M2,NO,2014,8.9,
ESTAT:STS_COBP_A(1.0),18/05/23 11:00:00,A,PSQM,CPA_F41001_41002,NSA,MIO_M2,NO,2015,9.2,
ESTAT:STS_COBP_A(1.0),18/05/23 11:00:00,A,PSQM,CPA_F41001_41002,NSA,MIO_M2,NO,2016,10.3,
ESTAT:STS_COBP_A(1.0),18/05/23 11:00:00,A,PSQM,CPA_F41001_41002,NSA,MIO_M2,NO,2017,10.3,
ESTAT:STS_COBP_A(1.0),18/05/23 11:00:00,A,PSQM,CPA_F41001_41002,NSA,MIO_M2,NO,2018,9.7,
ESTAT:STS_COBP_A(1.0),18/05/23 11:00:00,A,PSQM,CPA_F41001_41002,NSA,MIO_M2,NO,2019,9.6,
ESTAT:STS_COBP_A(1.0),18/05/23 11:00:00,A,PSQM,CPA_F41001_41002,NSA,MIO_M2,NO,2020,9.2,
ESTAT:STS_COBP_A(1.0),18/05/23 11:00:00,A,PSQM,CPA_F41001_41002,NSA,MIO_M2,NO,2021,9.7,
ESTAT:STS_COBP_A(1.0),18/05/23 11:00:00,A,PSQM,CPA_F41001_41002,NSA,MIO_M2,PL,2010,34.5,
ESTAT:STS_COBP_A(1.0),18/05/23 11:00:00,A,PSQM,CPA_F41001_41002,NSA,MIO_M2,PL,2011,36.0,
ESTAT:STS_COBP_A(1.0),18/05/23 11:00:00,A,PSQM,CPA_F41001_41002,NSA,MIO_M2,PL,2012,32.0,
ESTAT:STS_COBP_A(1.0),18/05/23 11:00:00,A,PSQM,CPA_F41001_41002,NSA,MIO_M2,PL,2013,30.4,
ESTAT:STS_COBP_A(1.0),18/05/23 11:00:00,A,PSQM,CPA_F41001_41002,NSA,MIO_M2,PL,2014,30.3,
ESTAT:STS_COBP_A(1.0),18/05/23 11:00:00,A,PSQM,CPA_F41001_41002,NSA,MIO_M2,PL,2015,35.5,
ESTAT:STS_COBP_A(1.0),18/05/23 11:00:00,A,PSQM,CPA_F41001_41002,NSA,MIO_M2,PL,2016,41.2,
ESTAT:STS_COBP_A(1.0),18/05/23 11:00:00,A,PSQM,CPA_F41001_41002,NSA,MIO_M2,PL,2017,43.1,
ESTAT:STS_COBP_A(1.0),18/05/23 11:00:00,A,PSQM,CPA_F41001_41002,NSA,MIO_M2,PL,2018,45.4,
ESTAT:STS_COBP_A(1.0),18/05/23 11:00:00,A,PSQM,CPA_F41001_41002,NSA,MIO_M2,PL,2019,42.4,
ESTAT:STS_COBP_A(1.0),18/05/23 11:00:00,A,PSQM,CPA_F41001_41002,NSA,MIO_M2,PL,2020,41.2,
ESTAT:STS_COBP_A(1.0),18/05/23 11:00:00,A,PSQM,CPA_F41001_41002,NSA,MIO_M2,PL,2021,52.2,
ESTAT:STS_COBP_A(1.0),18/05/23 11:00:00,A,PSQM,CPA_F41001_41002,NSA,MIO_M2,PT,2010,9.1,
ESTAT:STS_COBP_A(1.0),18/05/23 11:00:00,A,PSQM,CPA_F41001_41002,NSA,MIO_M2,PT,2011,7.3,
ESTAT:STS_COBP_A(1.0),18/05/23 11:00:00,A,PSQM,CPA_F41001_41002,NSA,MIO_M2,PT,2012,5.4,
ESTAT:STS_COBP_A(1.0),18/05/23 11:00:00,A,PSQM,CPA_F41001_41002,NSA,MIO_M2,PT,2013,4.2,
ESTAT:STS_COBP_A(1.0),18/05/23 11:00:00,A,PSQM,CPA_F41001_41002,NSA,MIO_M2,PT,2014,3.8,
ESTAT:STS_COBP_A(1.0),18/05/23 11:00:00,A,PSQM,CPA_F41001_41002,NSA,MIO_M2,PT,2015,4.1,
ESTAT:STS_COBP_A(1.0),18/05/23 11:00:00,A,PSQM,CPA_F41001_41002,NSA,MIO_M2,PT,2016,5.3,
ESTAT:STS_COBP_A(1.0),18/05/23 11:00:00,A,PSQM,CPA_F41001_41002,NSA,MIO_M2,PT,2017,6.1,
ESTAT:STS_COBP_A(1.0),18/05/23 11:00:00,A,PSQM,CPA_F41001_41002,NSA,MIO_M2,PT,2018,7.9,
ESTAT:STS_COBP_A(1.0),18/05/23 11:00:00,A,PSQM,CPA_F41001_41002,NSA,MIO_M2,PT,2019,8.0,
ESTAT:STS_COBP_A(1.0),18/05/23 11:00:00,A,PSQM,CPA_F41001_41002,NSA,MIO_M2,PT,2020,8.2,
ESTAT:STS_COBP_A(1.0),18/05/23 11:00:00,A,PSQM,CPA_F41001_41002,NSA,MIO_M2,PT,2021,9.1,
ESTAT:STS_COBP_A(1.0),18/05/23 11:00:00,A,PSQM,CPA_F41001_41002,NSA,MIO_M2,RO,2010,10.8,
ESTAT:STS_COBP_A(1.0),18/05/23 11:00:00,A,PSQM,CPA_F41001_41002,NSA,MIO_M2,RO,2011,11.2,
ESTAT:STS_COBP_A(1.0),18/05/23 11:00:00,A,PSQM,CPA_F41001_41002,NSA,MIO_M2,RO,2012,10.2,
ESTAT:STS_COBP_A(1.0),18/05/23 11:00:00,A,PSQM,CPA_F41001_41002,NSA,MIO_M2,RO,2013,10.2,
ESTAT:STS_COBP_A(1.0),18/05/23 11:00:00,A,PSQM,CPA_F41001_41002,NSA,MIO_M2,RO,2014,11.2,
ESTAT:STS_COBP_A(1.0),18/05/23 11:00:00,A,PSQM,CPA_F41001_41002,NSA,MIO_M2,RO,2015,10.7,
ESTAT:STS_COBP_A(1.0),18/05/23 11:00:00,A,PSQM,CPA_F41001_41002,NSA,MIO_M2,RO,2016,11.4,
ESTAT:STS_COBP_A(1.0),18/05/23 11:00:00,A,PSQM,CPA_F41001_41002,NSA,MIO_M2,RO,2017,12.9,
ESTAT:STS_COBP_A(1.0),18/05/23 11:00:00,A,PSQM,CPA_F41001_41002,NSA,MIO_M2,RO,2018,14.3,
ESTAT:STS_COBP_A(1.0),18/05/23 11:00:00,A,PSQM,CPA_F41001_41002,NSA,MIO_M2,RO,2019,14.7,
ESTAT:STS_COBP_A(1.0),18/05/23 11:00:00,A,PSQM,CPA_F41001_41002,NSA,MIO_M2,RO,2020,13.6,
ESTAT:STS_COBP_A(1.0),18/05/23 11:00:00,A,PSQM,CPA_F41001_41002,NSA,MIO_M2,RO,2021,15.4,
ESTAT:STS_COBP_A(1.0),18/05/23 11:00:00,A,PSQM,CPA_F41001_41002,NSA,MIO_M2,SE,2010,6.7,p
ESTAT:STS_COBP_A(1.0),18/05/23 11:00:00,A,PSQM,CPA_F41001_41002,NSA,MIO_M2,SE,2011,7.3,p
ESTAT:STS_COBP_A(1.0),18/05/23 11:00:00,A,PSQM,CPA_F41001_41002,NSA,MIO_M2,SE,2012,6.2,p
ESTAT:STS_COBP_A(1.0),18/05/23 11:00:00,A,PSQM,CPA_F41001_41002,NSA,MIO_M2,SE,2013,6.8,p
ESTAT:STS_COBP_A(1.0),18/05/23 11:00:00,A,PSQM,CPA_F41001_41002,NSA,MIO_M2,SE,2014,8.0,p
ESTAT:STS_COBP_A(1.0),18/05/23 11:00:00,A,PSQM,CPA_F41001_41002,NSA,MIO_M2,SE,2015,9.2,p
ESTAT:STS_COBP_A(1.0),18/05/23 11:00:00,A,PSQM,CPA_F41001_41002,NSA,MIO_M2,SE,2016,11.3,
ESTAT:STS_COBP_A(1.0),18/05/23 11:00:00,A,PSQM,CPA_F41001_41002,NSA,MIO_M2,SE,2017,12.0,
ESTAT:STS_COBP_A(1.0),18/05/23 11:00:00,A,PSQM,CPA_F41001_41002,NSA,MIO_M2,SE,2018,10.6,
ESTAT:STS_COBP_A(1.0),18/05/23 11:00:00,A,PSQM,CPA_F41001_41002,NSA,MIO_M2,SE,2019,10.3,
ESTAT:STS_COBP_A(1.0),18/05/23 11:00:00,A,PSQM,CPA_F41001_41002,NSA,MIO_M2,SE,2020,10.9,
ESTAT:STS_COBP_A(1.0),18/05/23 11:00:00,A,PSQM,CPA_F41001_41002,NSA,MIO_M2,SE,2021,13.5,
ESTAT:STS_COBP_A(1.0),18/05/23 11:00:00,A,PSQM,CPA_F41001_41002,NSA,MIO_M2,SI,2010,1.9,
ESTAT:STS_COBP_A(1.0),18/05/23 11:00:00,A,PSQM,CPA_F41001_41002,NSA,MIO_M2,SI,2011,1.6,
ESTAT:STS_COBP_A(1.0),18/05/23 11:00:00,A,PSQM,CPA_F41001_41002,NSA,MIO_M2,SI,2012,1.2,
ESTAT:STS_COBP_A(1.0),18/05/23 11:00:00,A,PSQM,CPA_F41001_41002,NSA,MIO_M2,SI,2013,1.3,
ESTAT:STS_COBP_A(1.0),18/05/23 11:00:00,A,PSQM,CPA_F41001_41002,NSA,MIO_M2,SI,2014,1.0,
ESTAT:STS_COBP_A(1.0),18/05/23 11:00:00,A,PSQM,CPA_F41001_41002,NSA,MIO_M2,SI,2015,1.1,
ESTAT:STS_COBP_A(1.0),18/05/23 11:00:00,A,PSQM,CPA_F41001_41002,NSA,MIO_M2,SI,2016,1.5,
ESTAT:STS_COBP_A(1.0),18/05/23 11:00:00,A,PSQM,CPA_F41001_41002,NSA,MIO_M2,SI,2017,1.6,
ESTAT:STS_COBP_A(1.0),18/05/23 11:00:00,A,PSQM,CPA_F41001_41002,NSA,MIO_M2,SI,2018,1.7,
ESTAT:STS_COBP_A(1.0),18/05/23 11:00:00,A,PSQM,CPA_F41001_41002,NSA,MIO_M2,SI,2019,1.5,
ESTAT:STS_COBP_A(1.0),18/05/23 11:00:00,A,PSQM,CPA_F41001_41002,NSA,MIO_M2,SI,2020,1.5,
ESTAT:STS_COBP_A(1.0),18/05/23 11:00:00,A,PSQM,CPA_F41001_41002,NSA,MIO_M2,SI,2021,1.8,
ESTAT:STS_COBP_A(1.0),18/05/23 11:00:00,A,PSQM,CPA_F41001_41002,NSA,MIO_M2,SK,2010,2.5,
ESTAT:STS_COBP_A(1.0),18/05/23 11:00:00,A,PSQM,CPA_F41001_41002,NSA,MIO_M2,SK,2011,2.3,
ESTAT:STS_COBP_A(1.0),18/05/23 11:00:00,A,PSQM,CPA_F41001_41002,NSA,MIO_M2,SK,2012,2.2,
ESTAT:STS_COBP_A(1.0),18/05/23 11:00:00,A,PSQM,CPA_F41001_41002,NSA,MIO_M2,SK,2013,2.3,
ESTAT:STS_COBP_A(1.0),18/05/23 11:00:00,A,PSQM,CPA_F41001_41002,NSA,MIO_M2,SK,2014,2.4,
ESTAT:STS_COBP_A(1.0),18/05/23 11:00:00,A,PSQM,CPA_F41001_41002,NSA,MIO_M2,SK,2015,2.5,
ESTAT:STS_COBP_A(1.0),18/05/23 11:00:00,A,PSQM,CPA_F41001_41002,NSA,MIO_M2,SK,2016,3.4,
ESTAT:STS_COBP_A(1.0),18/05/23 11:00:00,A,PSQM,CPA_F41001_41002,NSA,MIO_M2,SK,2017,2.9,
ESTAT:STS_COBP_A(1.0),18/05/23 11:00:00,A,PSQM,CPA_F41001_41002,NSA,MIO_M2,SK,2018,3.1,
ESTAT:STS_COBP_A(1.0),18/05/23 11:00:00,A,PSQM,CPA_F41001_41002,NSA,MIO_M2,SK,2019,3.3,
ESTAT:STS_COBP_A(1.0),18/05/23 11:00:00,A,PSQM,CPA_F41001_41002,NSA,MIO_M2,SK,2020,3.0,
ESTAT:STS_COBP_A(1.0),18/05/23 11:00:00,A,PSQM,CPA_F41001_41002,NSA,MIO_M2,SK,2021,3.4,
ESTAT:STS_COBP_A(1.0),18/05/23 11:00:00,A,PSQM,CPA_F41001_41002,NSA,MIO_M2,UK,2010,38.1,
ESTAT:STS_COBP_A(1.0),18/05/23 11:00:00,A,PSQM,CPA_F41001_41002,NSA,MIO_M2,UK,2011,37.5,
ESTAT:STS_COBP_A(1.0),18/05/23 11:00:00,A,PSQM,CPA_F41001_41002,NSA,MIO_M2,UK,2012,38.9,p
ESTAT:STS_COBP_A(1.0),18/05/23 11:00:00,A,PSQM,CPA_F41001_41002,NSA,MIO_M2,UK,2013,34.5,p
ESTAT:STS_COBP_A(1.0),18/05/23 11:00:00,A,PSQM,CPA_F41001_41002,NSA,MIO_M2,UK,2014,39.6,p
ESTAT:STS_COBP_A(1.0),18/05/23 11:00:00,A,PSQM,CPA_F41001_41002,NSA,MIO_M2,UK,2015,43.8,p
ESTAT:STS_COBP_A(1.0),18/05/23 11:00:00,A,PSQM,CPA_F41001_41002,NSA,MIO_M2,UK,2016,44.7,p
ESTAT:STS_COBP_A(1.0),18/05/23 11:00:00,A,PSQM,CPA_F41001_41002,NSA,MIO_M2,UK,2017,44.6,p
ESTAT:STS_COBP_A(1.0),18/05/23 11:00:00,A,PSQM,CPA_F41001_41002,NSA,MIO_M2,UK,2018,45.3,p
ESTAT:STS_COBP_A(1.0),18/05/23 11:00:00,A,PSQM,CPA_F41001_41002,NSA,MIO_M2,UK,2019,42.2,p
