DATAFLOW,LAST UPDATE,freq,nace_r2,indic_sb,size_emp,geo,TIME_PERIOD,OBS_VALUE,OBS_FLAG
ESTAT:SBS_SC_CON_R2$DEFAULTVIEW(1.0),15/03/23 23:00:00,A,F,V11110,TOTAL,AT,2011,31573,
ESTAT:SBS_SC_CON_R2$DEFAULTVIEW(1.0),15/03/23 23:00:00,A,F,V11110,TOTAL,AT,2012,32174,
ESTAT:SBS_SC_CON_R2$DEFAULTVIEW(1.0),15/03/23 23:00:00,A,F,V11110,TOTAL,AT,2013,33518,
ESTAT:SBS_SC_CON_R2$DEFAULTVIEW(1.0),15/03/23 23:00:00,A,F,V11110,TOTAL,AT,2014,34227,
ESTAT:SBS_SC_CON_R2$DEFAULTVIEW(1.0),15/03/23 23:00:00,A,F,V11110,TOTAL,AT,2015,34564,
ESTAT:SBS_SC_CON_R2$DEFAULTVIEW(1.0),15/03/23 23:00:00,A,F,V11110,TOTAL,AT,2016,35078,
ESTAT:SBS_SC_CON_R2$DEFAULTVIEW(1.0),15/03/23 23:00:00,A,F,V11110,TOTAL,AT,2017,36157,
ESTAT:SBS_SC_CON_R2$DEFAULTVIEW(1.0),15/03/23 23:00:00,A,F,V11110,TOTAL,AT,2018,35872,b
ESTAT:SBS_SC_CON_R2$DEFAULTVIEW(1.0),15/03/23 23:00:00,A,F,V11110,TOTAL,AT,2019,36707,
ESTAT:SBS_SC_CON_R2$DEFAULTVIEW(1.0),15/03/23 23:00:00,A,F,V11110,TOTAL,AT,2020,37261,
ESTAT:SBS_SC_CON_R2$DEFAULTVIEW(1.0),15/03/23 23:00:00,A,F,V11110,TOTAL,CH,2011,19905,d
ESTAT:SBS_SC_CON_R2$DEFAULTVIEW(1.0),15/03/23 23:00:00,A,F,V11110,TOTAL,CH,2012,20078,d
ESTAT:SBS_SC_CON_R2$DEFAULTVIEW(1.0),15/03/23 23:00:00,A,F,V11110,TOTAL,CH,2013,21065,d
ESTAT:SBS_SC_CON_R2$DEFAULTVIEW(1.0),15/03/23 23:00:00,A,F,V11110,TOTAL,CH,2014,21661,d
ESTAT:SBS_SC_CON_R2$DEFAULTVIEW(1.0),15/03/23 23:00:00,A,F,V11110,TOTAL,CH,2015,21576,
ESTAT:SBS_SC_CON_R2$DEFAULTVIEW(1.0),15/03/23 23:00:00,A,F,V11110,TOTAL,CH,2016,21364,
ESTAT:SBS_SC_CON_R2$DEFAULTVIEW(1.0),15/03/23 23:00:00,A,F,V11110,TOTAL,CH,2017,21425,
ESTAT:SBS_SC_CON_R2$DEFAULTVIEW(1.0),15/03/23 23:00:00,A,F,V11110,TOTAL,CH,2018,21342,
ESTAT:SBS_SC_CON_R2$DEFAULTVIEW(1.0),15/03/23 23:00:00,A,F,V11110,TOTAL,CH,2019,21788,
ESTAT:SBS_SC_CON_R2$DEFAULTVIEW(1.0),15/03/23 23:00:00,A,F,V11110,TOTAL,CH,2020,22165,
ESTAT:SBS_SC_CON_R2$DEFAULTVIEW(1.0),15/03/23 23:00:00,A,F,V11110,TOTAL,CY,2011,9266,
ESTAT:SBS_SC_CON_R2$DEFAULTVIEW(1.0),15/03/23 23:00:00,A,F,V11110,TOTAL,CY,2012,8640,
ESTAT:SBS_SC_CON_R2$DEFAULTVIEW(1.0),15/03/23 23:00:00,A,F,V11110,TOTAL,CY,2013,7603,
ESTAT:SBS_SC_CON_R2$DEFAULTVIEW(1.0),15/03/23 23:00:00,A,F,V11110,TOTAL,CY,2014,7197,
ESTAT:SBS_SC_CON_R2$DEFAULTVIEW(1.0),15/03/23 23:00:00,A,F,V11110,TOTAL,CY,2015,7399,
ESTAT:SBS_SC_CON_R2$DEFAULTVIEW(1.0),15/03/23 23:00:00,A,F,V11110,TOTAL,CY,2016,7330,
ESTAT:SBS_SC_CON_R2$DEFAULTVIEW(1.0),15/03/23 23:00:00,A,F,V11110,TOTAL,CY,2017,7886,
ESTAT:SBS_SC_CON_R2$DEFAULTVIEW(1.0),15/03/23 23:00:00,A,F,V11110,TOTAL,CY,2018,8461,
ESTAT:SBS_SC_CON_R2$DEFAULTVIEW(1.0),15/03/23 23:00:00,A,F,V11110,TOTAL,CY,2019,9001,
ESTAT:SBS_SC_CON_R2$DEFAULTVIEW(1.0),15/03/23 23:00:00,A,F,V11110,TOTAL,CY,2020,9310,
ESTAT:SBS_SC_CON_R2$DEFAULTVIEW(1.0),15/03/23 23:00:00,A,F,V11110,TOTAL,DE,2011,243115,
ESTAT:SBS_SC_CON_R2$DEFAULTVIEW(1.0),15/03/23 23:00:00,A,F,V11110,TOTAL,DE,2012,274002,
ESTAT:SBS_SC_CON_R2$DEFAULTVIEW(1.0),15/03/23 23:00:00,A,F,V11110,TOTAL,DE,2013,267849,
ESTAT:SBS_SC_CON_R2$DEFAULTVIEW(1.0),15/03/23 23:00:00,A,F,V11110,TOTAL,DE,2014,338535,
ESTAT:SBS_SC_CON_R2$DEFAULTVIEW(1.0),15/03/23 23:00:00,A,F,V11110,TOTAL,DE,2015,332411,
ESTAT:SBS_SC_CON_R2$DEFAULTVIEW(1.0),15/03/23 23:00:00,A,F,V11110,TOTAL,DE,2016,358919,
ESTAT:SBS_SC_CON_R2$DEFAULTVIEW(1.0),15/03/23 23:00:00,A,F,V11110,TOTAL,DE,2017,338475,
ESTAT:SBS_SC_CON_R2$DEFAULTVIEW(1.0),15/03/23 23:00:00,A,F,V11110,TOTAL,DE,2018,357187,b
ESTAT:SBS_SC_CON_R2$DEFAULTVIEW(1.0),15/03/23 23:00:00,A,F,V11110,TOTAL,DE,2019,376853,
ESTAT:SBS_SC_CON_R2$DEFAULTVIEW(1.0),15/03/23 23:00:00,A,F,V11110,TOTAL,DE,2020,393852,
ESTAT:SBS_SC_CON_R2$DEFAULTVIEW(1.0),15/03/23 23:00:00,A,F,V11110,TOTAL,DK,2011,31575,
ESTAT:SBS_SC_CON_R2$DEFAULTVIEW(1.0),15/03/23 23:00:00,A,F,V11110,TOTAL,DK,2012,31300,
ESTAT:SBS_SC_CON_R2$DEFAULTVIEW(1.0),15/03/23 23:00:00,A,F,V11110,TOTAL,DK,2013,30707,
ESTAT:SBS_SC_CON_R2$DEFAULTVIEW(1.0),15/03/23 23:00:00,A,F,V11110,TOTAL,DK,2014,31281,
ESTAT:SBS_SC_CON_R2$DEFAULTVIEW(1.0),15/03/23 23:00:00,A,F,V11110,TOTAL,DK,2015,31197,
ESTAT:SBS_SC_CON_R2$DEFAULTVIEW(1.0),15/03/23 23:00:00,A,F,V11110,TOTAL,DK,2016,31973,
ESTAT:SBS_SC_CON_R2$DEFAULTVIEW(1.0),15/03/23 23:00:00,A,F,V11110,TOTAL,DK,2017,32643,
ESTAT:SBS_SC_CON_R2$DEFAULTVIEW(1.0),15/03/23 23:00:00,A,F,V11110,TOTAL,DK,2018,33306,
ESTAT:SBS_SC_CON_R2$DEFAULTVIEW(1.0),15/03/23 23:00:00,A,F,V11110,TOTAL,DK,2019,33937,
ESTAT:SBS_SC_CON_R2$DEFAULTVIEW(1.0),15/03/23 23:00:00,A,F,V11110,TOTAL,DK,2020,34755,
ESTAT:SBS_SC_CON_R2$DEFAULTVIEW(1.0),15/03/23 23:00:00,A,F,V11110,TOTAL,EE,2011,7888,
ESTAT:SBS_SC_CON_R2$DEFAULTVIEW(1.0),15/03/23 23:00:00,A,F,V11110,TOTAL,EE,2012,8376,
ESTAT:SBS_SC_CON_R2$DEFAULTVIEW(1.0),15/03/23 23:00:00,A,F,V11110,TOTAL,EE,2013,8870,
ESTAT:SBS_SC_CON_R2$DEFAULTVIEW(1.0),15/03/23 23:00:00,A,F,V11110,TOTAL,EE,2014,9029,
ESTAT:SBS_SC_CON_R2$DEFAULTVIEW(1.0),15/03/23 23:00:00,A,F,V11110,TOTAL,EE,2015,9500,
ESTAT:SBS_SC_CON_R2$DEFAULTVIEW(1.0),15/03/23 23:00:00,A,F,V11110,TOTAL,EE,2016,10167,
ESTAT:SBS_SC_CON_R2$DEFAULTVIEW(1.0),15/03/23 23:00:00,A,F,V11110,TOTAL,EE,2017,10931,
ESTAT:SBS_SC_CON_R2$DEFAULTVIEW(1.0),15/03/23 23:00:00,A,F,V11110,TOTAL,EE,2018,11587,b
ESTAT:SBS_SC_CON_R2$DEFAULTVIEW(1.0),15/03/23 23:00:00,A,F,V11110,TOTAL,EE,2019,12448,
ESTAT:SBS_SC_CON_R2$DEFAULTVIEW(1.0),15/03/23 23:00:00,A,F,V11110,TOTAL,EE,2020,12958,
ESTAT:SBS_SC_CON_R2$DEFAULTVIEW(1.0),15/03/23 23:00:00,A,F,V11110,TOTAL,EL,2011,92699,
ESTAT:SBS_SC_CON_R2$DEFAULTVIEW(1.0),15/03/23 23:00:00,A,F,V11110,TOTAL,EL,2012,86873,
ESTAT:SBS_SC_CON_R2$DEFAULTVIEW(1.0),15/03/23 23:00:00,A,F,V11110,TOTAL,EL,2013,84622,
ESTAT:SBS_SC_CON_R2$DEFAULTVIEW(1.0),15/03/23 23:00:00,A,F,V11110,TOTAL,EL,2014,86988,
ESTAT:SBS_SC_CON_R2$DEFAULTVIEW(1.0),15/03/23 23:00:00,A,F,V11110,TOTAL,EL,2015,74336,
ESTAT:SBS_SC_CON_R2$DEFAULTVIEW(1.0),15/03/23 23:00:00,A,F,V11110,TOTAL,EL,2016,77234,
ESTAT:SBS_SC_CON_R2$DEFAULTVIEW(1.0),15/03/23 23:00:00,A,F,V11110,TOTAL,EL,2017,61832,
ESTAT:SBS_SC_CON_R2$DEFAULTVIEW(1.0),15/03/23 23:00:00,A,F,V11110,TOTAL,EL,2018,59782,b
ESTAT:SBS_SC_CON_R2$DEFAULTVIEW(1.0),15/03/23 23:00:00,A,F,V11110,TOTAL,EL,2019,61720,
ESTAT:SBS_SC_CON_R2$DEFAULTVIEW(1.0),15/03/23 23:00:00,A,F,V11110,TOTAL,EL,2020,62056,
ESTAT:SBS_SC_CON_R2$DEFAULTVIEW(1.0),15/03/23 23:00:00,A,F,V11110,TOTAL,ES,2011,342257,
ESTAT:SBS_SC_CON_R2$DEFAULTVIEW(1.0),15/03/23 23:00:00,A,F,V11110,TOTAL,ES,2012,320872,
ESTAT:SBS_SC_CON_R2$DEFAULTVIEW(1.0),15/03/23 23:00:00,A,F,V11110,TOTAL,ES,2013,320086,
ESTAT:SBS_SC_CON_R2$DEFAULTVIEW(1.0),15/03/23 23:00:00,A,F,V11110,TOTAL,ES,2014,346822,
ESTAT:SBS_SC_CON_R2$DEFAULTVIEW(1.0),15/03/23 23:00:00,A,F,V11110,TOTAL,ES,2015,377795,
ESTAT:SBS_SC_CON_R2$DEFAULTVIEW(1.0),15/03/23 23:00:00,A,F,V11110,TOTAL,ES,2016,367601,
ESTAT:SBS_SC_CON_R2$DEFAULTVIEW(1.0),15/03/23 23:00:00,A,F,V11110,TOTAL,ES,2017,376235,
ESTAT:SBS_SC_CON_R2$DEFAULTVIEW(1.0),15/03/23 23:00:00,A,F,V11110,TOTAL,ES,2018,380029,b
ESTAT:SBS_SC_CON_R2$DEFAULTVIEW(1.0),15/03/23 23:00:00,A,F,V11110,TOTAL,ES,2019,382186,
ESTAT:SBS_SC_CON_R2$DEFAULTVIEW(1.0),15/03/23 23:00:00,A,F,V11110,TOTAL,ES,2020,379025,
ESTAT:SBS_SC_CON_R2$DEFAULTVIEW(1.0),15/03/23 23:00:00,A,F,V11110,TOTAL,FI,2011,42785,
ESTAT:SBS_SC_CON_R2$DEFAULTVIEW(1.0),15/03/23 23:00:00,A,F,V11110,TOTAL,FI,2012,42781,
ESTAT:SBS_SC_CON_R2$DEFAULTVIEW(1.0),15/03/23 23:00:00,A,F,V11110,TOTAL,FI,2013,42844,b
ESTAT:SBS_SC_CON_R2$DEFAULTVIEW(1.0),15/03/23 23:00:00,A,F,V11110,TOTAL,FI,2014,41827,
ESTAT:SBS_SC_CON_R2$DEFAULTVIEW(1.0),15/03/23 23:00:00,A,F,V11110,TOTAL,FI,2015,41616,
ESTAT:SBS_SC_CON_R2$DEFAULTVIEW(1.0),15/03/23 23:00:00,A,F,V11110,TOTAL,FI,2016,40891,
ESTAT:SBS_SC_CON_R2$DEFAULTVIEW(1.0),15/03/23 23:00:00,A,F,V11110,TOTAL,FI,2017,41110,b
ESTAT:SBS_SC_CON_R2$DEFAULTVIEW(1.0),15/03/23 23:00:00,A,F,V11110,TOTAL,FI,2018,40809,
ESTAT:SBS_SC_CON_R2$DEFAULTVIEW(1.0),15/03/23 23:00:00,A,F,V11110,TOTAL,FI,2019,41403,
ESTAT:SBS_SC_CON_R2$DEFAULTVIEW(1.0),15/03/23 23:00:00,A,F,V11110,TOTAL,FI,2020,42375,
ESTAT:SBS_SC_CON_R2$DEFAULTVIEW(1.0),15/03/23 23:00:00,A,F,V11110,TOTAL,FR,2011,464125,
ESTAT:SBS_SC_CON_R2$DEFAULTVIEW(1.0),15/03/23 23:00:00,A,F,V11110,TOTAL,FR,2012,512864,
ESTAT:SBS_SC_CON_R2$DEFAULTVIEW(1.0),15/03/23 23:00:00,A,F,V11110,TOTAL,FR,2013,536488,
ESTAT:SBS_SC_CON_R2$DEFAULTVIEW(1.0),15/03/23 23:00:00,A,F,V11110,TOTAL,FR,2014,575733,b
ESTAT:SBS_SC_CON_R2$DEFAULTVIEW(1.0),15/03/23 23:00:00,A,F,V11110,TOTAL,FR,2015,494099,b
ESTAT:SBS_SC_CON_R2$DEFAULTVIEW(1.0),15/03/23 23:00:00,A,F,V11110,TOTAL,FR,2016,507048,
ESTAT:SBS_SC_CON_R2$DEFAULTVIEW(1.0),15/03/23 23:00:00,A,F,V11110,TOTAL,FR,2017,468974,b
ESTAT:SBS_SC_CON_R2$DEFAULTVIEW(1.0),15/03/23 23:00:00,A,F,V11110,TOTAL,FR,2018,472425,
ESTAT:SBS_SC_CON_R2$DEFAULTVIEW(1.0),15/03/23 23:00:00,A,F,V11110,TOTAL,FR,2019,486876,
ESTAT:SBS_SC_CON_R2$DEFAULTVIEW(1.0),15/03/23 23:00:00,A,F,V11110,TOTAL,FR,2020,501189,
ESTAT:SBS_SC_CON_R2$DEFAULTVIEW(1.0),15/03/23 23:00:00,A,F,V11110,TOTAL,HR,2011,21987,
ESTAT:SBS_SC_CON_R2$DEFAULTVIEW(1.0),15/03/23 23:00:00,A,F,V11110,TOTAL,HR,2012,20170,
ESTAT:SBS_SC_CON_R2$DEFAULTVIEW(1.0),15/03/23 23:00:00,A,F,V11110,TOTAL,HR,2013,19236,
ESTAT:SBS_SC_CON_R2$DEFAULTVIEW(1.0),15/03/23 23:00:00,A,F,V11110,TOTAL,HR,2014,18359,
ESTAT:SBS_SC_CON_R2$DEFAULTVIEW(1.0),15/03/23 23:00:00,A,F,V11110,TOTAL,HR,2015,17575,
ESTAT:SBS_SC_CON_R2$DEFAULTVIEW(1.0),15/03/23 23:00:00,A,F,V11110,TOTAL,HR,2016,17598,
ESTAT:SBS_SC_CON_R2$DEFAULTVIEW(1.0),15/03/23 23:00:00,A,F,V11110,TOTAL,HR,2017,17994,
ESTAT:SBS_SC_CON_R2$DEFAULTVIEW(1.0),15/03/23 23:00:00,A,F,V11110,TOTAL,HR,2018,18826,
ESTAT:SBS_SC_CON_R2$DEFAULTVIEW(1.0),15/03/23 23:00:00,A,F,V11110,TOTAL,HR,2019,22959,b
ESTAT:SBS_SC_CON_R2$DEFAULTVIEW(1.0),15/03/23 23:00:00,A,F,V11110,TOTAL,HR,2020,24044,
ESTAT:SBS_SC_CON_R2$DEFAULTVIEW(1.0),15/03/23 23:00:00,A,F,V11110,TOTAL,HU,2011,65322,
ESTAT:SBS_SC_CON_R2$DEFAULTVIEW(1.0),15/03/23 23:00:00,A,F,V11110,TOTAL,HU,2012,60284,
ESTAT:SBS_SC_CON_R2$DEFAULTVIEW(1.0),15/03/23 23:00:00,A,F,V11110,TOTAL,HU,2013,55471,
ESTAT:SBS_SC_CON_R2$DEFAULTVIEW(1.0),15/03/23 23:00:00,A,F,V11110,TOTAL,HU,2014,56765,
ESTAT:SBS_SC_CON_R2$DEFAULTVIEW(1.0),15/03/23 23:00:00,A,F,V11110,TOTAL,HU,2015,60724,
ESTAT:SBS_SC_CON_R2$DEFAULTVIEW(1.0),15/03/23 23:00:00,A,F,V11110,TOTAL,HU,2016,63871,
ESTAT:SBS_SC_CON_R2$DEFAULTVIEW(1.0),15/03/23 23:00:00,A,F,V11110,TOTAL,HU,2017,69658,
ESTAT:SBS_SC_CON_R2$DEFAULTVIEW(1.0),15/03/23 23:00:00,A,F,V11110,TOTAL,HU,2018,79218,b
ESTAT:SBS_SC_CON_R2$DEFAULTVIEW(1.0),15/03/23 23:00:00,A,F,V11110,TOTAL,HU,2019,93130,
ESTAT:SBS_SC_CON_R2$DEFAULTVIEW(1.0),15/03/23 23:00:00,A,F,V11110,TOTAL,HU,2020,101797,
ESTAT:SBS_SC_CON_R2$DEFAULTVIEW(1.0),15/03/23 23:00:00,A,F,V11110,TOTAL,IE,2011,50256,
ESTAT:SBS_SC_CON_R2$DEFAULTVIEW(1.0),15/03/23 23:00:00,A,F,V11110,TOTAL,IE,2012,49530,
ESTAT:SBS_SC_CON_R2$DEFAULTVIEW(1.0),15/03/23 23:00:00,A,F,V11110,TOTAL,IE,2013,48502,
ESTAT:SBS_SC_CON_R2$DEFAULTVIEW(1.0),15/03/23 23:00:00,A,F,V11110,TOTAL,IE,2014,47349,
ESTAT:SBS_SC_CON_R2$DEFAULTVIEW(1.0),15/03/23 23:00:00,A,F,V11110,TOTAL,IE,2015,50546,
ESTAT:SBS_SC_CON_R2$DEFAULTVIEW(1.0),15/03/23 23:00:00,A,F,V11110,TOTAL,IE,2016,51568,
ESTAT:SBS_SC_CON_R2$DEFAULTVIEW(1.0),15/03/23 23:00:00,A,F,V11110,TOTAL,IE,2017,57255,
ESTAT:SBS_SC_CON_R2$DEFAULTVIEW(1.0),15/03/23 23:00:00,A,F,V11110,TOTAL,IE,2018,57626,
ESTAT:SBS_SC_CON_R2$DEFAULTVIEW(1.0),15/03/23 23:00:00,A,F,V11110,TOTAL,IE,2019,59175,
ESTAT:SBS_SC_CON_R2$DEFAULTVIEW(1.0),15/03/23 23:00:00,A,F,V11110,TOTAL,IE,2020,62664,
ESTAT:SBS_SC_CON_R2$DEFAULTVIEW(1.0),15/03/23 23:00:00,A,F,V11110,TOTAL,IS,2015,4614,p
ESTAT:SBS_SC_CON_R2$DEFAULTVIEW(1.0),15/03/23 23:00:00,A,F,V11110,TOTAL,IS,2016,5023,p
ESTAT:SBS_SC_CON_R2$DEFAULTVIEW(1.0),15/03/23 23:00:00,A,F,V11110,TOTAL,IS,2017,5328,p
ESTAT:SBS_SC_CON_R2$DEFAULTVIEW(1.0),15/03/23 23:00:00,A,F,V11110,TOTAL,IS,2018,5375,
ESTAT:SBS_SC_CON_R2$DEFAULTVIEW(1.0),15/03/23 23:00:00,A,F,V11110,TOTAL,IS,2019,5525,p
ESTAT:SBS_SC_CON_R2$DEFAULTVIEW(1.0),15/03/23 23:00:00,A,F,V11110,TOTAL,IS,2020,5701,p
ESTAT:SBS_SC_CON_R2$DEFAULTVIEW(1.0),15/03/23 23:00:00,A,F,V11110,TOTAL,IT,2011,590555,
ESTAT:SBS_SC_CON_R2$DEFAULTVIEW(1.0),15/03/23 23:00:00,A,F,V11110,TOTAL,IT,2012,572412,
ESTAT:SBS_SC_CON_R2$DEFAULTVIEW(1.0),15/03/23 23:00:00,A,F,V11110,TOTAL,IT,2013,549846,
ESTAT:SBS_SC_CON_R2$DEFAULTVIEW(1.0),15/03/23 23:00:00,A,F,V11110,TOTAL,IT,2014,529103,
ESTAT:SBS_SC_CON_R2$DEFAULTVIEW(1.0),15/03/23 23:00:00,A,F,V11110,TOTAL,IT,2015,511405,
ESTAT:SBS_SC_CON_R2$DEFAULTVIEW(1.0),15/03/23 23:00:00,A,F,V11110,TOTAL,IT,2016,508696,
ESTAT:SBS_SC_CON_R2$DEFAULTVIEW(1.0),15/03/23 23:00:00,A,F,V11110,TOTAL,IT,2017,502775,b
ESTAT:SBS_SC_CON_R2$DEFAULTVIEW(1.0),15/03/23 23:00:00,A,F,V11110,TOTAL,IT,2018,493674,
ESTAT:SBS_SC_CON_R2$DEFAULTVIEW(1.0),15/03/23 23:00:00,A,F,V11110,TOTAL,IT,2019,479574,
ESTAT:SBS_SC_CON_R2$DEFAULTVIEW(1.0),15/03/23 23:00:00,A,F,V11110,TOTAL,IT,2020,490251,
ESTAT:SBS_SC_CON_R2$DEFAULTVIEW(1.0),15/03/23 23:00:00,A,F,V11110,TOTAL,LT,2011,16995,
ESTAT:SBS_SC_CON_R2$DEFAULTVIEW(1.0),15/03/23 23:00:00,A,F,V11110,TOTAL,LT,2012,20242,
ESTAT:SBS_SC_CON_R2$DEFAULTVIEW(1.0),15/03/23 23:00:00,A,F,V11110,TOTAL,LT,2013,22736,
ESTAT:SBS_SC_CON_R2$DEFAULTVIEW(1.0),15/03/23 23:00:00,A,F,V11110,TOTAL,LT,2014,27543,
ESTAT:SBS_SC_CON_R2$DEFAULTVIEW(1.0),15/03/23 23:00:00,A,F,V11110,TOTAL,LT,2015,29067,
ESTAT:SBS_SC_CON_R2$DEFAULTVIEW(1.0),15/03/23 23:00:00,A,F,V11110,TOTAL,LT,2016,31151,
ESTAT:SBS_SC_CON_R2$DEFAULTVIEW(1.0),15/03/23 23:00:00,A,F,V11110,TOTAL,LT,2017,31708,
ESTAT:SBS_SC_CON_R2$DEFAULTVIEW(1.0),15/03/23 23:00:00,A,F,V11110,TOTAL,LT,2018,32535,b
ESTAT:SBS_SC_CON_R2$DEFAULTVIEW(1.0),15/03/23 23:00:00,A,F,V11110,TOTAL,LT,2019,33036,
ESTAT:SBS_SC_CON_R2$DEFAULTVIEW(1.0),15/03/23 23:00:00,A,F,V11110,TOTAL,LT,2020,33264,
ESTAT:SBS_SC_CON_R2$DEFAULTVIEW(1.0),15/03/23 23:00:00,A,F,V11110,TOTAL,LU,2011,3300,
ESTAT:SBS_SC_CON_R2$DEFAULTVIEW(1.0),15/03/23 23:00:00,A,F,V11110,TOTAL,LU,2012,3365,
ESTAT:SBS_SC_CON_R2$DEFAULTVIEW(1.0),15/03/23 23:00:00,A,F,V11110,TOTAL,LU,2013,3512,
ESTAT:SBS_SC_CON_R2$DEFAULTVIEW(1.0),15/03/23 23:00:00,A,F,V11110,TOTAL,LU,2014,3542,
ESTAT:SBS_SC_CON_R2$DEFAULTVIEW(1.0),15/03/23 23:00:00,A,F,V11110,TOTAL,LU,2015,3634,
ESTAT:SBS_SC_CON_R2$DEFAULTVIEW(1.0),15/03/23 23:00:00,A,F,V11110,TOTAL,LU,2016,3760,
ESTAT:SBS_SC_CON_R2$DEFAULTVIEW(1.0),15/03/23 23:00:00,A,F,V11110,TOTAL,LU,2017,3930,
ESTAT:SBS_SC_CON_R2$DEFAULTVIEW(1.0),15/03/23 23:00:00,A,F,V11110,TOTAL,LU,2018,4077,
ESTAT:SBS_SC_CON_R2$DEFAULTVIEW(1.0),15/03/23 23:00:00,A,F,V11110,TOTAL,LU,2019,4244,
ESTAT:SBS_SC_CON_R2$DEFAULTVIEW(1.0),15/03/23 23:00:00,A,F,V11110,TOTAL,LU,2020,4309,
ESTAT:SBS_SC_CON_R2$DEFAULTVIEW(1.0),15/03/23 23:00:00,A,F,V11110,TOTAL,LV,2011,6579,
ESTAT:SBS_SC_CON_R2$DEFAULTVIEW(1.0),15/03/23 23:00:00,A,F,V11110,TOTAL,LV,2012,8000,
ESTAT:SBS_SC_CON_R2$DEFAULTVIEW(1.0),15/03/23 23:00:00,A,F,V11110,TOTAL,LV,2013,8767,
ESTAT:SBS_SC_CON_R2$DEFAULTVIEW(1.0),15/03/23 23:00:00,A,F,V11110,TOTAL,LV,2014,9424,
ESTAT:SBS_SC_CON_R2$DEFAULTVIEW(1.0),15/03/23 23:00:00,A,F,V11110,TOTAL,LV,2015,11057,
ESTAT:SBS_SC_CON_R2$DEFAULTVIEW(1.0),15/03/23 23:00:00,A,F,V11110,TOTAL,LV,2016,11752,
ESTAT:SBS_SC_CON_R2$DEFAULTVIEW(1.0),15/03/23 23:00:00,A,F,V11110,TOTAL,LV,2017,11590,
ESTAT:SBS_SC_CON_R2$DEFAULTVIEW(1.0),15/03/23 23:00:00,A,F,V11110,TOTAL,LV,2018,11635,
ESTAT:SBS_SC_CON_R2$DEFAULTVIEW(1.0),15/03/23 23:00:00,A,F,V11110,TOTAL,LV,2019,11658,
ESTAT:SBS_SC_CON_R2$DEFAULTVIEW(1.0),15/03/23 23:00:00,A,F,V11110,TOTAL,LV,2020,11558,
ESTAT:SBS_SC_CON_R2$DEFAULTVIEW(1.0),15/03/23 23:00:00,A,F,V11110,TOTAL,MT,2011,3924,
ESTAT:SBS_SC_CON_R2$DEFAULTVIEW(1.0),15/03/23 23:00:00,A,F,V11110,TOTAL,MT,2012,3835,
ESTAT:SBS_SC_CON_R2$DEFAULTVIEW(1.0),15/03/23 23:00:00,A,F,V11110,TOTAL,MT,2013,3623,
ESTAT:SBS_SC_CON_R2$DEFAULTVIEW(1.0),15/03/23 23:00:00,A,F,V11110,TOTAL,MT,2014,3758,
ESTAT:SBS_SC_CON_R2$DEFAULTVIEW(1.0),15/03/23 23:00:00,A,F,V11110,TOTAL,MT,2015,3646,
ESTAT:SBS_SC_CON_R2$DEFAULTVIEW(1.0),15/03/23 23:00:00,A,F,V11110,TOTAL,MT,2016,4005,
ESTAT:SBS_SC_CON_R2$DEFAULTVIEW(1.0),15/03/23 23:00:00,A,F,V11110,TOTAL,MT,2017,4125,
ESTAT:SBS_SC_CON_R2$DEFAULTVIEW(1.0),15/03/23 23:00:00,A,F,V11110,TOTAL,MT,2018,4192,
ESTAT:SBS_SC_CON_R2$DEFAULTVIEW(1.0),15/03/23 23:00:00,A,F,V11110,TOTAL,MT,2019,4239,
ESTAT:SBS_SC_CON_R2$DEFAULTVIEW(1.0),15/03/23 23:00:00,A,F,V11110,TOTAL,MT,2020,4360,
ESTAT:SBS_SC_CON_R2$DEFAULTVIEW(1.0),15/03/23 23:00:00,A,F,V11110,TOTAL,NL,2011,128189,
ESTAT:SBS_SC_CON_R2$DEFAULTVIEW(1.0),15/03/23 23:00:00,A,F,V11110,TOTAL,NL,2012,134589,
ESTAT:SBS_SC_CON_R2$DEFAULTVIEW(1.0),15/03/23 23:00:00,A,F,V11110,TOTAL,NL,2013,152519,
ESTAT:SBS_SC_CON_R2$DEFAULTVIEW(1.0),15/03/23 23:00:00,A,F,V11110,TOTAL,NL,2014,154748,
ESTAT:SBS_SC_CON_R2$DEFAULTVIEW(1.0),15/03/23 23:00:00,A,F,V11110,TOTAL,NL,2015,160728,
ESTAT:SBS_SC_CON_R2$DEFAULTVIEW(1.0),15/03/23 23:00:00,A,F,V11110,TOTAL,NL,2016,167022,
ESTAT:SBS_SC_CON_R2$DEFAULTVIEW(1.0),15/03/23 23:00:00,A,F,V11110,TOTAL,NL,2017,173775,
ESTAT:SBS_SC_CON_R2$DEFAULTVIEW(1.0),15/03/23 23:00:00,A,F,V11110,TOTAL,NL,2018,187654,
ESTAT:SBS_SC_CON_R2$DEFAULTVIEW(1.0),15/03/23 23:00:00,A,F,V11110,TOTAL,NL,2019,203549,
ESTAT:SBS_SC_CON_R2$DEFAULTVIEW(1.0),15/03/23 23:00:00,A,F,V11110,TOTAL,NL,2020,217460,
ESTAT:SBS_SC_CON_R2$DEFAULTVIEW(1.0),15/03/23 23:00:00,A,F,V11110,TOTAL,NO,2011,50566,
ESTAT:SBS_SC_CON_R2$DEFAULTVIEW(1.0),15/03/23 23:00:00,A,F,V11110,TOTAL,NO,2012,52763,
ESTAT:SBS_SC_CON_R2$DEFAULTVIEW(1.0),15/03/23 23:00:00,A,F,V11110,TOTAL,NO,2013,54064,
ESTAT:SBS_SC_CON_R2$DEFAULTVIEW(1.0),15/03/23 23:00:00,A,F,V11110,TOTAL,NO,2014,55150,
ESTAT:SBS_SC_CON_R2$DEFAULTVIEW(1.0),15/03/23 23:00:00,A,F,V11110,TOTAL,NO,2015,56654,
ESTAT:SBS_SC_CON_R2$DEFAULTVIEW(1.0),15/03/23 23:00:00,A,F,V11110,TOTAL,NO,2016,57377,
ESTAT:SBS_SC_CON_R2$DEFAULTVIEW(1.0),15/03/23 23:00:00,A,F,V11110,TOTAL,NO,2017,57964,
ESTAT:SBS_SC_CON_R2$DEFAULTVIEW(1.0),15/03/23 23:00:00,A,F,V11110,TOTAL,NO,2018,56256,b
ESTAT:SBS_SC_CON_R2$DEFAULTVIEW(1.0),15/03/23 23:00:00,A,F,V11110,TOTAL,NO,2019,57416,
ESTAT:SBS_SC_CON_R2$DEFAULTVIEW(1.0),15/03/23 23:00:00,A,F,V11110,TOTAL,NO,2020,58057,
ESTAT:SBS_SC_CON_R2$DEFAULTVIEW(1.0),15/03/23 23:00:00,A,F,V11110,TOTAL,PL,2011,239232,
ESTAT:SBS_SC_CON_R2$DEFAULTVIEW(1.0),15/03/23 23:00:00,A,F,V11110,TOTAL,PL,2012,233731,
ESTAT:SBS_SC_CON_R2$DEFAULTVIEW(1.0),15/03/23 23:00:00,A,F,V11110,TOTAL,PL,2013,223794,
ESTAT:SBS_SC_CON_R2$DEFAULTVIEW(1.0),15/03/23 23:00:00,A,F,V11110,TOTAL,PL,2014,230497,
ESTAT:SBS_SC_CON_R2$DEFAULTVIEW(1.0),15/03/23 23:00:00,A,F,V11110,TOTAL,PL,2015,244361,
ESTAT:SBS_SC_CON_R2$DEFAULTVIEW(1.0),15/03/23 23:00:00,A,F,V11110,TOTAL,PL,2016,264440,
ESTAT:SBS_SC_CON_R2$DEFAULTVIEW(1.0),15/03/23 23:00:00,A,F,V11110,TOTAL,PL,2017,281953,
ESTAT:SBS_SC_CON_R2$DEFAULTVIEW(1.0),15/03/23 23:00:00,A,F,V11110,TOTAL,PL,2018,325663,b
ESTAT:SBS_SC_CON_R2$DEFAULTVIEW(1.0),15/03/23 23:00:00,A,F,V11110,TOTAL,PL,2019,355562,
ESTAT:SBS_SC_CON_R2$DEFAULTVIEW(1.0),15/03/23 23:00:00,A,F,V11110,TOTAL,PL,2020,387740,
ESTAT:SBS_SC_CON_R2$DEFAULTVIEW(1.0),15/03/23 23:00:00,A,F,V11110,TOTAL,PT,2011,97980,
ESTAT:SBS_SC_CON_R2$DEFAULTVIEW(1.0),15/03/23 23:00:00,A,F,V11110,TOTAL,PT,2012,87592,
ESTAT:SBS_SC_CON_R2$DEFAULTVIEW(1.0),15/03/23 23:00:00,A,F,V11110,TOTAL,PT,2013,81335,
ESTAT:SBS_SC_CON_R2$DEFAULTVIEW(1.0),15/03/23 23:00:00,A,F,V11110,TOTAL,PT,2014,77844,
ESTAT:SBS_SC_CON_R2$DEFAULTVIEW(1.0),15/03/23 23:00:00,A,F,V11110,TOTAL,PT,2015,77906,
ESTAT:SBS_SC_CON_R2$DEFAULTVIEW(1.0),15/03/23 23:00:00,A,F,V11110,TOTAL,PT,2016,78866,
ESTAT:SBS_SC_CON_R2$DEFAULTVIEW(1.0),15/03/23 23:00:00,A,F,V11110,TOTAL,PT,2017,81629,
ESTAT:SBS_SC_CON_R2$DEFAULTVIEW(1.0),15/03/23 23:00:00,A,F,V11110,TOTAL,PT,2018,85311,
ESTAT:SBS_SC_CON_R2$DEFAULTVIEW(1.0),15/03/23 23:00:00,A,F,V11110,TOTAL,PT,2019,90430,
ESTAT:SBS_SC_CON_R2$DEFAULTVIEW(1.0),15/03/23 23:00:00,A,F,V11110,TOTAL,PT,2020,92328,
ESTAT:SBS_SC_CON_R2$DEFAULTVIEW(1.0),15/03/23 23:00:00,A,F,V11110,TOTAL,RO,2011,43503,p
ESTAT:SBS_SC_CON_R2$DEFAULTVIEW(1.0),15/03/23 23:00:00,A,F,V11110,TOTAL,RO,2012,44607,
ESTAT:SBS_SC_CON_R2$DEFAULTVIEW(1.0),15/03/23 23:00:00,A,F,V11110,TOTAL,RO,2013,45382,
ESTAT:SBS_SC_CON_R2$DEFAULTVIEW(1.0),15/03/23 23:00:00,A,F,V11110,TOTAL,RO,2014,47813,
ESTAT:SBS_SC_CON_R2$DEFAULTVIEW(1.0),15/03/23 23:00:00,A,F,V11110,TOTAL,RO,2015,48341,
ESTAT:SBS_SC_CON_R2$DEFAULTVIEW(1.0),15/03/23 23:00:00,A,F,V11110,TOTAL,RO,2016,49717,
ESTAT:SBS_SC_CON_R2$DEFAULTVIEW(1.0),15/03/23 23:00:00,A,F,V11110,TOTAL,RO,2017,52792,
ESTAT:SBS_SC_CON_R2$DEFAULTVIEW(1.0),15/03/23 23:00:00,A,F,V11110,TOTAL,RO,2018,55948,b
ESTAT:SBS_SC_CON_R2$DEFAULTVIEW(1.0),15/03/23 23:00:00,A,F,V11110,TOTAL,RO,2019,60047,
ESTAT:SBS_SC_CON_R2$DEFAULTVIEW(1.0),15/03/23 23:00:00,A,F,V11110,TOTAL,RO,2020,66205,
ESTAT:SBS_SC_CON_R2$DEFAULTVIEW(1.0),15/03/23 23:00:00,A,F,V11110,TOTAL,SE,2011,91540,
ESTAT:SBS_SC_CON_R2$DEFAULTVIEW(1.0),15/03/23 23:00:00,A,F,V11110,TOTAL,SE,2012,93598,
ESTAT:SBS_SC_CON_R2$DEFAULTVIEW(1.0),15/03/23 23:00:00,A,F,V11110,TOTAL,SE,2013,94368,
ESTAT:SBS_SC_CON_R2$DEFAULTVIEW(1.0),15/03/23 23:00:00,A,F,V11110,TOTAL,SE,2014,96694,
ESTAT:SBS_SC_CON_R2$DEFAULTVIEW(1.0),15/03/23 23:00:00,A,F,V11110,TOTAL,SE,2015,98925,
ESTAT:SBS_SC_CON_R2$DEFAULTVIEW(1.0),15/03/23 23:00:00,A,F,V11110,TOTAL,SE,2016,101868,
ESTAT:SBS_SC_CON_R2$DEFAULTVIEW(1.0),15/03/23 23:00:00,A,F,V11110,TOTAL,SE,2017,104097,
ESTAT:SBS_SC_CON_R2$DEFAULTVIEW(1.0),15/03/23 23:00:00,A,F,V11110,TOTAL,SE,2018,99155,b
ESTAT:SBS_SC_CON_R2$DEFAULTVIEW(1.0),15/03/23 23:00:00,A,F,V11110,TOTAL,SE,2019,100497,
ESTAT:SBS_SC_CON_R2$DEFAULTVIEW(1.0),15/03/23 23:00:00,A,F,V11110,TOTAL,SE,2020,102966,
ESTAT:SBS_SC_CON_R2$DEFAULTVIEW(1.0),15/03/23 23:00:00,A,F,V11110,TOTAL,SI,2011,18940,
ESTAT:SBS_SC_CON_R2$DEFAULTVIEW(1.0),15/03/23 23:00:00,A,F,V11110,TOTAL,SI,2012,18392,
ESTAT:SBS_SC_CON_R2$DEFAULTVIEW(1.0),15/03/23 23:00:00,A,F,V11110,TOTAL,SI,2013,18066,
ESTAT:SBS_SC_CON_R2$DEFAULTVIEW(1.0),15/03/23 23:00:00,A,F,V11110,TOTAL,SI,2014,18133,
ESTAT:SBS_SC_CON_R2$DEFAULTVIEW(1.0),15/03/23 23:00:00,A,F,V11110,TOTAL,SI,2015,18289,
ESTAT:SBS_SC_CON_R2$DEFAULTVIEW(1.0),15/03/23 23:00:00,A,F,V11110,TOTAL,SI,2016,18706,
ESTAT:SBS_SC_CON_R2$DEFAULTVIEW(1.0),15/03/23 23:00:00,A,F,V11110,TOTAL,SI,2017,18668,
ESTAT:SBS_SC_CON_R2$DEFAULTVIEW(1.0),15/03/23 23:00:00,A,F,V11110,TOTAL,SI,2018,19039,
ESTAT:SBS_SC_CON_R2$DEFAULTVIEW(1.0),15/03/23 23:00:00,A,F,V11110,TOTAL,SI,2019,19600,
ESTAT:SBS_SC_CON_R2$DEFAULTVIEW(1.0),15/03/23 23:00:00,A,F,V11110,TOTAL,SI,2020,20164,
ESTAT:SBS_SC_CON_R2$DEFAULTVIEW(1.0),15/03/23 23:00:00,A,F,V11110,TOTAL,SK,2011,90886,
ESTAT:SBS_SC_CON_R2$DEFAULTVIEW(1.0),15/03/23 23:00:00,A,F,V11110,TOTAL,SK,2012,86412,
ESTAT:SBS_SC_CON_R2$DEFAULTVIEW(1.0),15/03/23 23:00:00,A,F,V11110,TOTAL,SK,2013,81902,
ESTAT:SBS_SC_CON_R2$DEFAULTVIEW(1.0),15/03/23 23:00:00,A,F,V11110,TOTAL,SK,2014,85907,
ESTAT:SBS_SC_CON_R2$DEFAULTVIEW(1.0),15/03/23 23:00:00,A,F,V11110,TOTAL,SK,2015,85016,
ESTAT:SBS_SC_CON_R2$DEFAULTVIEW(1.0),15/03/23 23:00:00,A,F,V11110,TOTAL,SK,2016,87665,
ESTAT:SBS_SC_CON_R2$DEFAULTVIEW(1.0),15/03/23 23:00:00,A,F,V11110,TOTAL,SK,2017,95114,
ESTAT:SBS_SC_CON_R2$DEFAULTVIEW(1.0),15/03/23 23:00:00,A,F,V11110,TOTAL,SK,2018,101797,
ESTAT:SBS_SC_CON_R2$DEFAULTVIEW(1.0),15/03/23 23:00:00,A,F,V11110,TOTAL,SK,2019,109133,
ESTAT:SBS_SC_CON_R2$DEFAULTVIEW(1.0),15/03/23 23:00:00,A,F,V11110,TOTAL,SK,2020,110982,
ESTAT:SBS_SC_CON_R2$DEFAULTVIEW(1.0),15/03/23 23:00:00,A,F,V11110,TOTAL,UK,2011,265339,
ESTAT:SBS_SC_CON_R2$DEFAULTVIEW(1.0),15/03/23 23:00:00,A,F,V11110,TOTAL,UK,2012,257192,
ESTAT:SBS_SC_CON_R2$DEFAULTVIEW(1.0),15/03/23 23:00:00,A,F,V11110,TOTAL,UK,2013,262586,
ESTAT:SBS_SC_CON_R2$DEFAULTVIEW(1.0),15/03/23 23:00:00,A,F,V11110,TOTAL,UK,2014,270770,
ESTAT:SBS_SC_CON_R2$DEFAULTVIEW(1.0),15/03/23 23:00:00,A,F,V11110,TOTAL,UK,2015,290976,
ESTAT:SBS_SC_CON_R2$DEFAULTVIEW(1.0),15/03/23 23:00:00,A,F,V11110,TOTAL,UK,2016,314823,b
ESTAT:SBS_SC_CON_R2$DEFAULTVIEW(1.0),15/03/23 23:00:00,A,F,V11110,TOTAL,UK,2017,330545,
ESTAT:SBS_SC_CON_R2$DEFAULTVIEW(1.0),15/03/23 23:00:00,A,F,V11110,TOTAL,UK,2018,341592,
