DATAFLOW,LAST UPDATE,freq,indic_bt,nace_r2,s_adj,unit,geo,TIME_PERIOD,OBS_VALUE 1,OBS_FLAG
ESTAT:STS_COPR_A(1.0),13/05/23 11:00:00,A,PROD,F_CC2,CA,I15,AT,2010,89.6,
ESTAT:STS_COPR_A(1.0),13/05/23 11:00:00,A,PROD,F_CC2,CA,I15,AT,2011,89.3,
ESTAT:STS_COPR_A(1.0),13/05/23 11:00:00,A,PROD,F_CC2,CA,I15,AT,2012,95.1,
ESTAT:STS_COPR_A(1.0),13/05/23 11:00:00,A,PROD,F_CC2,CA,I15,AT,2013,94.9,
ESTAT:STS_COPR_A(1.0),13/05/23 11:00:00,A,PROD,F_CC2,CA,I15,AT,2014,102.4,
ESTAT:STS_COPR_A(1.0),13/05/23 11:00:00,A,PROD,F_CC2,CA,I15,AT,2015,100,
ESTAT:STS_COPR_A(1.0),13/05/23 11:00:00,A,PROD,F_CC2,CA,I15,AT,2016,97.4,
ESTAT:STS_COPR_A(1.0),13/05/23 11:00:00,A,PROD,F_CC2,CA,I15,AT,2017,100.3,
ESTAT:STS_COPR_A(1.0),13/05/23 11:00:00,A,PROD,F_CC2,CA,I15,AT,2018,107.3,
ESTAT:STS_COPR_A(1.0),13/05/23 11:00:00,A,PROD,F_CC2,CA,I15,AT,2019,112.7,
ESTAT:STS_COPR_A(1.0),13/05/23 11:00:00,A,PROD,F_CC2,CA,I15,AT,2020,111.8,
ESTAT:STS_COPR_A(1.0),13/05/23 11:00:00,A,PROD,F_CC2,CA,I15,AT,2021,125.4,
ESTAT:STS_COPR_A(1.0),13/05/23 11:00:00,A,PROD,F_CC2,CA,I15,AT,2022,132.5,
ESTAT:STS_COPR_A(1.0),13/05/23 11:00:00,A,PROD,F_CC2,CA,I15,CH,2010,100.1,
ESTAT:STS_COPR_A(1.0),13/05/23 11:00:00,A,PROD,F_CC2,CA,I15,CH,2011,107.2,
ESTAT:STS_COPR_A(1.0),13/05/23 11:00:00,A,PROD,F_CC2,CA,I15,CH,2012,100.1,
ESTAT:STS_COPR_A(1.0),13/05/23 11:00:00,A,PROD,F_CC2,CA,I15,CH,2013,101.7,
ESTAT:STS_COPR_A(1.0),13/05/23 11:00:00,A,PROD,F_CC2,CA,I15,CH,2014,101.6,
ESTAT:STS_COPR_A(1.0),13/05/23 11:00:00,A,PROD,F_CC2,CA,I15,CH,2015,100,
ESTAT:STS_COPR_A(1.0),13/05/23 11:00:00,A,PROD,F_CC2,CA,I15,CH,2016,104.6,
ESTAT:STS_COPR_A(1.0),13/05/23 11:00:00,A,PROD,F_CC2,CA,I15,CH,2017,105.8,
ESTAT:STS_COPR_A(1.0),13/05/23 11:00:00,A,PROD,F_CC2,CA,I15,CH,2018,105.2,
ESTAT:STS_COPR_A(1.0),13/05/23 11:00:00,A,PROD,F_CC2,CA,I15,CH,2019,103.5,
ESTAT:STS_COPR_A(1.0),13/05/23 11:00:00,A,PROD,F_CC2,CA,I15,CH,2020,106.5,
ESTAT:STS_COPR_A(1.0),13/05/23 11:00:00,A,PROD,F_CC2,CA,I15,CH,2021,100.2,
ESTAT:STS_COPR_A(1.0),13/05/23 11:00:00,A,PROD,F_CC2,CA,I15,CH,2022,90,
ESTAT:STS_COPR_A(1.0),13/05/23 11:00:00,A,PROD,F_CC2,CA,I15,CY,2010,245.8,
ESTAT:STS_COPR_A(1.0),13/05/23 11:00:00,A,PROD,F_CC2,CA,I15,CY,2011,233.8,
ESTAT:STS_COPR_A(1.0),13/05/23 11:00:00,A,PROD,F_CC2,CA,I15,CY,2012,173.5,
ESTAT:STS_COPR_A(1.0),13/05/23 11:00:00,A,PROD,F_CC2,CA,I15,CY,2013,165.6,
ESTAT:STS_COPR_A(1.0),13/05/23 11:00:00,A,PROD,F_CC2,CA,I15,CY,2014,136.2,
ESTAT:STS_COPR_A(1.0),13/05/23 11:00:00,A,PROD,F_CC2,CA,I15,CY,2015,100,
ESTAT:STS_COPR_A(1.0),13/05/23 11:00:00,A,PROD,F_CC2,CA,I15,CY,2016,108.1,
ESTAT:STS_COPR_A(1.0),13/05/23 11:00:00,A,PROD,F_CC2,CA,I15,CY,2017,127.4,
ESTAT:STS_COPR_A(1.0),13/05/23 11:00:00,A,PROD,F_CC2,CA,I15,CY,2018,127.5,
ESTAT:STS_COPR_A(1.0),13/05/23 11:00:00,A,PROD,F_CC2,CA,I15,CY,2019,110.9,
ESTAT:STS_COPR_A(1.0),13/05/23 11:00:00,A,PROD,F_CC2,CA,I15,CY,2020,105.1,
ESTAT:STS_COPR_A(1.0),13/05/23 11:00:00,A,PROD,F_CC2,CA,I15,CY,2021,110.7,
ESTAT:STS_COPR_A(1.0),13/05/23 11:00:00,A,PROD,F_CC2,CA,I15,CY,2022,112.6,
ESTAT:STS_COPR_A(1.0),13/05/23 11:00:00,A,PROD,F_CC2,CA,I15,DE,2010,86.4,
ESTAT:STS_COPR_A(1.0),13/05/23 11:00:00,A,PROD,F_CC2,CA,I15,DE,2011,96.5,
ESTAT:STS_COPR_A(1.0),13/05/23 11:00:00,A,PROD,F_CC2,CA,I15,DE,2012,94.2,
ESTAT:STS_COPR_A(1.0),13/05/23 11:00:00,A,PROD,F_CC2,CA,I15,DE,2013,95.4,
ESTAT:STS_COPR_A(1.0),13/05/23 11:00:00,A,PROD,F_CC2,CA,I15,DE,2014,101,
ESTAT:STS_COPR_A(1.0),13/05/23 11:00:00,A,PROD,F_CC2,CA,I15,DE,2015,99.7,
ESTAT:STS_COPR_A(1.0),13/05/23 11:00:00,A,PROD,F_CC2,CA,I15,DE,2016,102.6,
ESTAT:STS_COPR_A(1.0),13/05/23 11:00:00,A,PROD,F_CC2,CA,I15,DE,2017,107.8,
ESTAT:STS_COPR_A(1.0),13/05/23 11:00:00,A,PROD,F_CC2,CA,I15,DE,2018,112.7,
ESTAT:STS_COPR_A(1.0),13/05/23 11:00:00,A,PROD,F_CC2,CA,I15,DE,2019,119.6,
ESTAT:STS_COPR_A(1.0),13/05/23 11:00:00,A,PROD,F_CC2,CA,I15,DE,2020,126.5,
ESTAT:STS_COPR_A(1.0),13/05/23 11:00:00,A,PROD,F_CC2,CA,I15,DE,2021,127.7,
ESTAT:STS_COPR_A(1.0),13/05/23 11:00:00,A,PROD,F_CC2,CA,I15,DE,2022,131.7,
ESTAT:STS_COPR_A(1.0),13/05/23 11:00:00,A,PROD,F_CC2,CA,I15,DK,2010,76.7,
ESTAT:STS_COPR_A(1.0),13/05/23 11:00:00,A,PROD,F_CC2,CA,I15,DK,2011,83.9,
ESTAT:STS_COPR_A(1.0),13/05/23 11:00:00,A,PROD,F_CC2,CA,I15,DK,2012,88.8,
ESTAT:STS_COPR_A(1.0),13/05/23 11:00:00,A,PROD,F_CC2,CA,I15,DK,2013,90.9,
ESTAT:STS_COPR_A(1.0),13/05/23 11:00:00,A,PROD,F_CC2,CA,I15,DK,2014,96.2,
ESTAT:STS_COPR_A(1.0),13/05/23 11:00:00,A,PROD,F_CC2,CA,I15,DK,2015,100.1,
ESTAT:STS_COPR_A(1.0),13/05/23 11:00:00,A,PROD,F_CC2,CA,I15,DK,2016,102.1,
ESTAT:STS_COPR_A(1.0),13/05/23 11:00:00,A,PROD,F_CC2,CA,I15,DK,2017,106.8,
ESTAT:STS_COPR_A(1.0),13/05/23 11:00:00,A,PROD,F_CC2,CA,I15,DK,2018,110.6,
ESTAT:STS_COPR_A(1.0),13/05/23 11:00:00,A,PROD,F_CC2,CA,I15,DK,2019,113.6,
ESTAT:STS_COPR_A(1.0),13/05/23 11:00:00,A,PROD,F_CC2,CA,I15,DK,2020,99.3,
ESTAT:STS_COPR_A(1.0),13/05/23 11:00:00,A,PROD,F_CC2,CA,I15,DK,2021,106.1,
ESTAT:STS_COPR_A(1.0),13/05/23 11:00:00,A,PROD,F_CC2,CA,I15,DK,2022,119.1,
ESTAT:STS_COPR_A(1.0),13/05/23 11:00:00,A,PROD,F_CC2,CA,I15,EE,2010,85.7,
ESTAT:STS_COPR_A(1.0),13/05/23 11:00:00,A,PROD,F_CC2,CA,I15,EE,2011,104.8,
ESTAT:STS_COPR_A(1.0),13/05/23 11:00:00,A,PROD,F_CC2,CA,I15,EE,2012,117.4,
ESTAT:STS_COPR_A(1.0),13/05/23 11:00:00,A,PROD,F_CC2,CA,I15,EE,2013,119,
ESTAT:STS_COPR_A(1.0),13/05/23 11:00:00,A,PROD,F_CC2,CA,I15,EE,2014,106.6,
ESTAT:STS_COPR_A(1.0),13/05/23 11:00:00,A,PROD,F_CC2,CA,I15,EE,2015,100,
ESTAT:STS_COPR_A(1.0),13/05/23 11:00:00,A,PROD,F_CC2,CA,I15,EE,2016,97.8,
ESTAT:STS_COPR_A(1.0),13/05/23 11:00:00,A,PROD,F_CC2,CA,I15,EE,2017,124.1,
ESTAT:STS_COPR_A(1.0),13/05/23 11:00:00,A,PROD,F_CC2,CA,I15,EE,2018,135.9,
ESTAT:STS_COPR_A(1.0),13/05/23 11:00:00,A,PROD,F_CC2,CA,I15,EE,2019,127.3,
ESTAT:STS_COPR_A(1.0),13/05/23 11:00:00,A,PROD,F_CC2,CA,I15,EE,2020,121.6,
ESTAT:STS_COPR_A(1.0),13/05/23 11:00:00,A,PROD,F_CC2,CA,I15,EL,2010,192.1,
ESTAT:STS_COPR_A(1.0),13/05/23 11:00:00,A,PROD,F_CC2,CA,I15,EL,2011,115.7,
ESTAT:STS_COPR_A(1.0),13/05/23 11:00:00,A,PROD,F_CC2,CA,I15,EL,2012,78.3,
ESTAT:STS_COPR_A(1.0),13/05/23 11:00:00,A,PROD,F_CC2,CA,I15,EL,2013,79.9,
ESTAT:STS_COPR_A(1.0),13/05/23 11:00:00,A,PROD,F_CC2,CA,I15,EL,2014,103.6,
ESTAT:STS_COPR_A(1.0),13/05/23 11:00:00,A,PROD,F_CC2,CA,I15,EL,2015,100,
ESTAT:STS_COPR_A(1.0),13/05/23 11:00:00,A,PROD,F_CC2,CA,I15,EL,2016,114.6,
ESTAT:STS_COPR_A(1.0),13/05/23 11:00:00,A,PROD,F_CC2,CA,I15,EL,2017,93.8,
ESTAT:STS_COPR_A(1.0),13/05/23 11:00:00,A,PROD,F_CC2,CA,I15,EL,2018,77.3,
ESTAT:STS_COPR_A(1.0),13/05/23 11:00:00,A,PROD,F_CC2,CA,I15,EL,2019,72.7,
ESTAT:STS_COPR_A(1.0),13/05/23 11:00:00,A,PROD,F_CC2,CA,I15,EL,2020,64.1,
ESTAT:STS_COPR_A(1.0),13/05/23 11:00:00,A,PROD,F_CC2,CA,I15,EL,2021,65.2,
ESTAT:STS_COPR_A(1.0),13/05/23 11:00:00,A,PROD,F_CC2,CA,I15,EL,2022,84.4,
ESTAT:STS_COPR_A(1.0),13/05/23 11:00:00,A,PROD,F_CC2,CA,I15,ES,2010,132.2,p
ESTAT:STS_COPR_A(1.0),13/05/23 11:00:00,A,PROD,F_CC2,CA,I15,ES,2011,112.7,p
ESTAT:STS_COPR_A(1.0),13/05/23 11:00:00,A,PROD,F_CC2,CA,I15,ES,2012,94.6,p
ESTAT:STS_COPR_A(1.0),13/05/23 11:00:00,A,PROD,F_CC2,CA,I15,ES,2013,87.6,p
ESTAT:STS_COPR_A(1.0),13/05/23 11:00:00,A,PROD,F_CC2,CA,I15,ES,2014,90.3,p
ESTAT:STS_COPR_A(1.0),13/05/23 11:00:00,A,PROD,F_CC2,CA,I15,ES,2015,100,p
ESTAT:STS_COPR_A(1.0),13/05/23 11:00:00,A,PROD,F_CC2,CA,I15,ES,2016,114.1,p
ESTAT:STS_COPR_A(1.0),13/05/23 11:00:00,A,PROD,F_CC2,CA,I15,ES,2017,115.3,p
ESTAT:STS_COPR_A(1.0),13/05/23 11:00:00,A,PROD,F_CC2,CA,I15,ES,2018,111.9,p
ESTAT:STS_COPR_A(1.0),13/05/23 11:00:00,A,PROD,F_CC2,CA,I15,ES,2019,105.8,p
ESTAT:STS_COPR_A(1.0),13/05/23 11:00:00,A,PROD,F_CC2,CA,I15,ES,2020,94.2,p
ESTAT:STS_COPR_A(1.0),13/05/23 11:00:00,A,PROD,F_CC2,CA,I15,ES,2021,80.3,p
ESTAT:STS_COPR_A(1.0),13/05/23 11:00:00,A,PROD,F_CC2,CA,I15,ES,2022,82,p
ESTAT:STS_COPR_A(1.0),13/05/23 11:00:00,A,PROD,F_CC2,CA,I15,FI,2010,86.7,e
ESTAT:STS_COPR_A(1.0),13/05/23 11:00:00,A,PROD,F_CC2,CA,I15,FI,2011,85.4,e
ESTAT:STS_COPR_A(1.0),13/05/23 11:00:00,A,PROD,F_CC2,CA,I15,FI,2012,90.2,e
ESTAT:STS_COPR_A(1.0),13/05/23 11:00:00,A,PROD,F_CC2,CA,I15,FI,2013,89.3,e
ESTAT:STS_COPR_A(1.0),13/05/23 11:00:00,A,PROD,F_CC2,CA,I15,FI,2014,90.5,e
ESTAT:STS_COPR_A(1.0),13/05/23 11:00:00,A,PROD,F_CC2,CA,I15,FI,2015,99.9,e
ESTAT:STS_COPR_A(1.0),13/05/23 11:00:00,A,PROD,F_CC2,CA,I15,FI,2016,106.4,e
ESTAT:STS_COPR_A(1.0),13/05/23 11:00:00,A,PROD,F_CC2,CA,I15,FI,2017,104.1,e
ESTAT:STS_COPR_A(1.0),13/05/23 11:00:00,A,PROD,F_CC2,CA,I15,FI,2018,97.8,e
ESTAT:STS_COPR_A(1.0),13/05/23 11:00:00,A,PROD,F_CC2,CA,I15,FI,2019,96.6,e
ESTAT:STS_COPR_A(1.0),13/05/23 11:00:00,A,PROD,F_CC2,CA,I15,FI,2020,111.8,e
ESTAT:STS_COPR_A(1.0),13/05/23 11:00:00,A,PROD,F_CC2,CA,I15,FI,2021,112.6,e
ESTAT:STS_COPR_A(1.0),13/05/23 11:00:00,A,PROD,F_CC2,CA,I15,FI,2022,108.3,e
ESTAT:STS_COPR_A(1.0),13/05/23 11:00:00,A,PROD,F_CC2,CA,I15,FR,2010,112.3,
ESTAT:STS_COPR_A(1.0),13/05/23 11:00:00,A,PROD,F_CC2,CA,I15,FR,2011,111.1,
ESTAT:STS_COPR_A(1.0),13/05/23 11:00:00,A,PROD,F_CC2,CA,I15,FR,2012,104.2,
ESTAT:STS_COPR_A(1.0),13/05/23 11:00:00,A,PROD,F_CC2,CA,I15,FR,2013,105,
ESTAT:STS_COPR_A(1.0),13/05/23 11:00:00,A,PROD,F_CC2,CA,I15,FR,2014,102.9,
ESTAT:STS_COPR_A(1.0),13/05/23 11:00:00,A,PROD,F_CC2,CA,I15,FR,2015,100,
ESTAT:STS_COPR_A(1.0),13/05/23 11:00:00,A,PROD,F_CC2,CA,I15,FR,2016,105.3,
ESTAT:STS_COPR_A(1.0),13/05/23 11:00:00,A,PROD,F_CC2,CA,I15,FR,2017,105.6,
ESTAT:STS_COPR_A(1.0),13/05/23 11:00:00,A,PROD,F_CC2,CA,I15,FR,2018,106.2,
ESTAT:STS_COPR_A(1.0),13/05/23 11:00:00,A,PROD,F_CC2,CA,I15,FR,2019,110.3,
ESTAT:STS_COPR_A(1.0),13/05/23 11:00:00,A,PROD,F_CC2,CA,I15,FR,2020,96.8,
ESTAT:STS_COPR_A(1.0),13/05/23 11:00:00,A,PROD,F_CC2,CA,I15,FR,2021,105.8,
ESTAT:STS_COPR_A(1.0),13/05/23 11:00:00,A,PROD,F_CC2,CA,I15,FR,2022,103.5,
ESTAT:STS_COPR_A(1.0),13/05/23 11:00:00,A,PROD,F_CC2,CA,I15,HR,2010,132.7,
ESTAT:STS_COPR_A(1.0),13/05/23 11:00:00,A,PROD,F_CC2,CA,I15,HR,2011,119.6,
ESTAT:STS_COPR_A(1.0),13/05/23 11:00:00,A,PROD,F_CC2,CA,I15,HR,2012,109.8,
ESTAT:STS_COPR_A(1.0),13/05/23 11:00:00,A,PROD,F_CC2,CA,I15,HR,2013,114.5,
ESTAT:STS_COPR_A(1.0),13/05/23 11:00:00,A,PROD,F_CC2,CA,I15,HR,2014,102.2,
ESTAT:STS_COPR_A(1.0),13/05/23 11:00:00,A,PROD,F_CC2,CA,I15,HR,2015,100,
ESTAT:STS_COPR_A(1.0),13/05/23 11:00:00,A,PROD,F_CC2,CA,I15,HR,2016,97.2,
ESTAT:STS_COPR_A(1.0),13/05/23 11:00:00,A,PROD,F_CC2,CA,I15,HR,2017,93.4,
ESTAT:STS_COPR_A(1.0),13/05/23 11:00:00,A,PROD,F_CC2,CA,I15,HR,2018,91,
ESTAT:STS_COPR_A(1.0),13/05/23 11:00:00,A,PROD,F_CC2,CA,I15,HR,2019,98.8,
ESTAT:STS_COPR_A(1.0),13/05/23 11:00:00,A,PROD,F_CC2,CA,I15,HR,2020,103.4,
ESTAT:STS_COPR_A(1.0),13/05/23 11:00:00,A,PROD,F_CC2,CA,I15,HR,2021,112.1,
ESTAT:STS_COPR_A(1.0),13/05/23 11:00:00,A,PROD,F_CC2,CA,I15,HR,2022,114.3,p
ESTAT:STS_COPR_A(1.0),13/05/23 11:00:00,A,PROD,F_CC2,CA,I15,HU,2010,81.2,
ESTAT:STS_COPR_A(1.0),13/05/23 11:00:00,A,PROD,F_CC2,CA,I15,HU,2011,78.2,
ESTAT:STS_COPR_A(1.0),13/05/23 11:00:00,A,PROD,F_CC2,CA,I15,HU,2012,74.5,
ESTAT:STS_COPR_A(1.0),13/05/23 11:00:00,A,PROD,F_CC2,CA,I15,HU,2013,79.8,
ESTAT:STS_COPR_A(1.0),13/05/23 11:00:00,A,PROD,F_CC2,CA,I15,HU,2014,98.4,
ESTAT:STS_COPR_A(1.0),13/05/23 11:00:00,A,PROD,F_CC2,CA,I15,HU,2015,100,
ESTAT:STS_COPR_A(1.0),13/05/23 11:00:00,A,PROD,F_CC2,CA,I15,HU,2016,67,
ESTAT:STS_COPR_A(1.0),13/05/23 11:00:00,A,PROD,F_CC2,CA,I15,HU,2017,90.7,
ESTAT:STS_COPR_A(1.0),13/05/23 11:00:00,A,PROD,F_CC2,CA,I15,HU,2018,117.8,
ESTAT:STS_COPR_A(1.0),13/05/23 11:00:00,A,PROD,F_CC2,CA,I15,HU,2019,143.7,
ESTAT:STS_COPR_A(1.0),13/05/23 11:00:00,A,PROD,F_CC2,CA,I15,HU,2020,123.9,
ESTAT:STS_COPR_A(1.0),13/05/23 11:00:00,A,PROD,F_CC2,CA,I15,HU,2021,132,
ESTAT:STS_COPR_A(1.0),13/05/23 11:00:00,A,PROD,F_CC2,CA,I15,HU,2022,130.5,
ESTAT:STS_COPR_A(1.0),13/05/23 11:00:00,A,PROD,F_CC2,CA,I15,IE,2010,107.7,
ESTAT:STS_COPR_A(1.0),13/05/23 11:00:00,A,PROD,F_CC2,CA,I15,IE,2011,83.1,
ESTAT:STS_COPR_A(1.0),13/05/23 11:00:00,A,PROD,F_CC2,CA,I15,IE,2012,96.8,
ESTAT:STS_COPR_A(1.0),13/05/23 11:00:00,A,PROD,F_CC2,CA,I15,IE,2013,101.2,
ESTAT:STS_COPR_A(1.0),13/05/23 11:00:00,A,PROD,F_CC2,CA,I15,IE,2014,104.4,
ESTAT:STS_COPR_A(1.0),13/05/23 11:00:00,A,PROD,F_CC2,CA,I15,IE,2015,100,
ESTAT:STS_COPR_A(1.0),13/05/23 11:00:00,A,PROD,F_CC2,CA,I15,IE,2016,103.1,
ESTAT:STS_COPR_A(1.0),13/05/23 11:00:00,A,PROD,F_CC2,CA,I15,IE,2017,106.8,
ESTAT:STS_COPR_A(1.0),13/05/23 11:00:00,A,PROD,F_CC2,CA,I15,IE,2018,118.8,
ESTAT:STS_COPR_A(1.0),13/05/23 11:00:00,A,PROD,F_CC2,CA,I15,IE,2019,112.9,
ESTAT:STS_COPR_A(1.0),13/05/23 11:00:00,A,PROD,F_CC2,CA,I15,IE,2020,96,
ESTAT:STS_COPR_A(1.0),13/05/23 11:00:00,A,PROD,F_CC2,CA,I15,IE,2021,108.9,
ESTAT:STS_COPR_A(1.0),13/05/23 11:00:00,A,PROD,F_CC2,CA,I15,IE,2022,106,p
ESTAT:STS_COPR_A(1.0),13/05/23 11:00:00,A,PROD,F_CC2,CA,I15,IT,2010,,c
ESTAT:STS_COPR_A(1.0),13/05/23 11:00:00,A,PROD,F_CC2,CA,I15,IT,2011,,c
ESTAT:STS_COPR_A(1.0),13/05/23 11:00:00,A,PROD,F_CC2,CA,I15,IT,2012,,c
ESTAT:STS_COPR_A(1.0),13/05/23 11:00:00,A,PROD,F_CC2,CA,I15,IT,2013,,c
ESTAT:STS_COPR_A(1.0),13/05/23 11:00:00,A,PROD,F_CC2,CA,I15,IT,2014,,c
ESTAT:STS_COPR_A(1.0),13/05/23 11:00:00,A,PROD,F_CC2,CA,I15,IT,2015,,c
ESTAT:STS_COPR_A(1.0),13/05/23 11:00:00,A,PROD,F_CC2,CA,I15,IT,2016,,c
ESTAT:STS_COPR_A(1.0),13/05/23 11:00:00,A,PROD,F_CC2,CA,I15,IT,2017,,c
ESTAT:STS_COPR_A(1.0),13/05/23 11:00:00,A,PROD,F_CC2,CA,I15,IT,2018,,c
ESTAT:STS_COPR_A(1.0),13/05/23 11:00:00,A,PROD,F_CC2,CA,I15,IT,2019,,c
ESTAT:STS_COPR_A(1.0),13/05/23 11:00:00,A,PROD,F_CC2,CA,I15,IT,2020,,c
ESTAT:STS_COPR_A(1.0),13/05/23 11:00:00,A,PROD,F_CC2,CA,I15,IT,2021,,c
ESTAT:STS_COPR_A(1.0),13/05/23 11:00:00,A,PROD,F_CC2,CA,I15,IT,2022,,c
ESTAT:STS_COPR_A(1.0),13/05/23 11:00:00,A,PROD,F_CC2,CA,I15,LT,2010,85.5,
ESTAT:STS_COPR_A(1.0),13/05/23 11:00:00,A,PROD,F_CC2,CA,I15,LT,2011,102.4,
ESTAT:STS_COPR_A(1.0),13/05/23 11:00:00,A,PROD,F_CC2,CA,I15,LT,2012,95,
ESTAT:STS_COPR_A(1.0),13/05/23 11:00:00,A,PROD,F_CC2,CA,I15,LT,2013,102.9,
ESTAT:STS_COPR_A(1.0),13/05/23 11:00:00,A,PROD,F_CC2,CA,I15,LT,2014,113.5,
ESTAT:STS_COPR_A(1.0),13/05/23 11:00:00,A,PROD,F_CC2,CA,I15,LT,2015,100,
ESTAT:STS_COPR_A(1.0),13/05/23 11:00:00,A,PROD,F_CC2,CA,I15,LT,2016,82,
ESTAT:STS_COPR_A(1.0),13/05/23 11:00:00,A,PROD,F_CC2,CA,I15,LT,2017,94.8,
ESTAT:STS_COPR_A(1.0),13/05/23 11:00:00,A,PROD,F_CC2,CA,I15,LT,2018,111.5,
ESTAT:STS_COPR_A(1.0),13/05/23 11:00:00,A,PROD,F_CC2,CA,I15,LT,2019,119.1,
ESTAT:STS_COPR_A(1.0),13/05/23 11:00:00,A,PROD,F_CC2,CA,I15,LT,2020,123.1,
ESTAT:STS_COPR_A(1.0),13/05/23 11:00:00,A,PROD,F_CC2,CA,I15,LT,2021,118.9,
ESTAT:STS_COPR_A(1.0),13/05/23 11:00:00,A,PROD,F_CC2,CA,I15,LT,2022,123.2,
ESTAT:STS_COPR_A(1.0),13/05/23 11:00:00,A,PROD,F_CC2,CA,I15,LV,2010,76,
ESTAT:STS_COPR_A(1.0),13/05/23 11:00:00,A,PROD,F_CC2,CA,I15,LV,2011,88.3,
ESTAT:STS_COPR_A(1.0),13/05/23 11:00:00,A,PROD,F_CC2,CA,I15,LV,2012,102.3,
ESTAT:STS_COPR_A(1.0),13/05/23 11:00:00,A,PROD,F_CC2,CA,I15,LV,2013,106.8,
ESTAT:STS_COPR_A(1.0),13/05/23 11:00:00,A,PROD,F_CC2,CA,I15,LV,2014,99.6,
ESTAT:STS_COPR_A(1.0),13/05/23 11:00:00,A,PROD,F_CC2,CA,I15,LV,2015,100,
ESTAT:STS_COPR_A(1.0),13/05/23 11:00:00,A,PROD,F_CC2,CA,I15,LV,2016,74.3,
ESTAT:STS_COPR_A(1.0),13/05/23 11:00:00,A,PROD,F_CC2,CA,I15,LV,2017,96.6,
ESTAT:STS_COPR_A(1.0),13/05/23 11:00:00,A,PROD,F_CC2,CA,I15,LV,2018,107.8,
ESTAT:STS_COPR_A(1.0),13/05/23 11:00:00,A,PROD,F_CC2,CA,I15,LV,2019,108.8,
ESTAT:STS_COPR_A(1.0),13/05/23 11:00:00,A,PROD,F_CC2,CA,I15,LV,2020,107.2,
ESTAT:STS_COPR_A(1.0),13/05/23 11:00:00,A,PROD,F_CC2,CA,I15,LV,2021,101.8,
ESTAT:STS_COPR_A(1.0),13/05/23 11:00:00,A,PROD,F_CC2,CA,I15,LV,2022,88.5,
ESTAT:STS_COPR_A(1.0),13/05/23 11:00:00,A,PROD,F_CC2,CA,I15,NL,2010,,c
ESTAT:STS_COPR_A(1.0),13/05/23 11:00:00,A,PROD,F_CC2,CA,I15,NL,2011,,c
ESTAT:STS_COPR_A(1.0),13/05/23 11:00:00,A,PROD,F_CC2,CA,I15,NL,2012,,c
ESTAT:STS_COPR_A(1.0),13/05/23 11:00:00,A,PROD,F_CC2,CA,I15,NL,2013,,c
ESTAT:STS_COPR_A(1.0),13/05/23 11:00:00,A,PROD,F_CC2,CA,I15,NL,2014,,c
ESTAT:STS_COPR_A(1.0),13/05/23 11:00:00,A,PROD,F_CC2,CA,I15,NL,2015,,c
ESTAT:STS_COPR_A(1.0),13/05/23 11:00:00,A,PROD,F_CC2,CA,I15,NL,2016,,c
ESTAT:STS_COPR_A(1.0),13/05/23 11:00:00,A,PROD,F_CC2,CA,I15,NL,2017,,c
ESTAT:STS_COPR_A(1.0),13/05/23 11:00:00,A,PROD,F_CC2,CA,I15,NL,2018,,c
ESTAT:STS_COPR_A(1.0),13/05/23 11:00:00,A,PROD,F_CC2,CA,I15,NL,2019,,c
ESTAT:STS_COPR_A(1.0),13/05/23 11:00:00,A,PROD,F_CC2,CA,I15,NL,2020,,c
ESTAT:STS_COPR_A(1.0),13/05/23 11:00:00,A,PROD,F_CC2,CA,I15,NL,2021,,c
ESTAT:STS_COPR_A(1.0),13/05/23 11:00:00,A,PROD,F_CC2,CA,I15,NL,2022,,c
ESTAT:STS_COPR_A(1.0),13/05/23 11:00:00,A,PROD,F_CC2,CA,I15,NO,2010,62.1,
ESTAT:STS_COPR_A(1.0),13/05/23 11:00:00,A,PROD,F_CC2,CA,I15,NO,2011,69.1,
ESTAT:STS_COPR_A(1.0),13/05/23 11:00:00,A,PROD,F_CC2,CA,I15,NO,2012,80.7,
ESTAT:STS_COPR_A(1.0),13/05/23 11:00:00,A,PROD,F_CC2,CA,I15,NO,2013,87.5,
ESTAT:STS_COPR_A(1.0),13/05/23 11:00:00,A,PROD,F_CC2,CA,I15,NO,2014,95,
ESTAT:STS_COPR_A(1.0),13/05/23 11:00:00,A,PROD,F_CC2,CA,I15,NO,2015,100,
ESTAT:STS_COPR_A(1.0),13/05/23 11:00:00,A,PROD,F_CC2,CA,I15,NO,2016,104.2,
ESTAT:STS_COPR_A(1.0),13/05/23 11:00:00,A,PROD,F_CC2,CA,I15,NO,2017,113.9,
ESTAT:STS_COPR_A(1.0),13/05/23 11:00:00,A,PROD,F_CC2,CA,I15,NO,2018,117.2,
ESTAT:STS_COPR_A(1.0),13/05/23 11:00:00,A,PROD,F_CC2,CA,I15,NO,2019,122.8,
ESTAT:STS_COPR_A(1.0),13/05/23 11:00:00,A,PROD,F_CC2,CA,I15,NO,2020,121.5,
ESTAT:STS_COPR_A(1.0),13/05/23 11:00:00,A,PROD,F_CC2,CA,I15,NO,2021,120.1,
ESTAT:STS_COPR_A(1.0),13/05/23 11:00:00,A,PROD,F_CC2,CA,I15,NO,2022,122.3,
ESTAT:STS_COPR_A(1.0),13/05/23 11:00:00,A,PROD,F_CC2,CA,I15,PL,2010,109.4,
ESTAT:STS_COPR_A(1.0),13/05/23 11:00:00,A,PROD,F_CC2,CA,I15,PL,2011,127.3,
ESTAT:STS_COPR_A(1.0),13/05/23 11:00:00,A,PROD,F_CC2,CA,I15,PL,2012,110.2,
ESTAT:STS_COPR_A(1.0),13/05/23 11:00:00,A,PROD,F_CC2,CA,I15,PL,2013,92.8,
ESTAT:STS_COPR_A(1.0),13/05/23 11:00:00,A,PROD,F_CC2,CA,I15,PL,2014,101.3,
ESTAT:STS_COPR_A(1.0),13/05/23 11:00:00,A,PROD,F_CC2,CA,I15,PL,2015,100,
ESTAT:STS_COPR_A(1.0),13/05/23 11:00:00,A,PROD,F_CC2,CA,I15,PL,2016,83.6,
ESTAT:STS_COPR_A(1.0),13/05/23 11:00:00,A,PROD,F_CC2,CA,I15,PL,2017,100.7,
ESTAT:STS_COPR_A(1.0),13/05/23 11:00:00,A,PROD,F_CC2,CA,I15,PL,2018,125.6,
ESTAT:STS_COPR_A(1.0),13/05/23 11:00:00,A,PROD,F_CC2,CA,I15,PL,2019,134.6,
ESTAT:STS_COPR_A(1.0),13/05/23 11:00:00,A,PROD,F_CC2,CA,I15,PL,2020,128.1,
ESTAT:STS_COPR_A(1.0),13/05/23 11:00:00,A,PROD,F_CC2,CA,I15,PL,2021,127.7,
ESTAT:STS_COPR_A(1.0),13/05/23 11:00:00,A,PROD,F_CC2,CA,I15,PL,2022,131.9,
ESTAT:STS_COPR_A(1.0),13/05/23 11:00:00,A,PROD,F_CC2,CA,I15,PT,2010,193.8,
ESTAT:STS_COPR_A(1.0),13/05/23 11:00:00,A,PROD,F_CC2,CA,I15,PT,2011,168.3,
ESTAT:STS_COPR_A(1.0),13/05/23 11:00:00,A,PROD,F_CC2,CA,I15,PT,2012,139.5,
ESTAT:STS_COPR_A(1.0),13/05/23 11:00:00,A,PROD,F_CC2,CA,I15,PT,2013,117,
ESTAT:STS_COPR_A(1.0),13/05/23 11:00:00,A,PROD,F_CC2,CA,I15,PT,2014,103.4,
ESTAT:STS_COPR_A(1.0),13/05/23 11:00:00,A,PROD,F_CC2,CA,I15,PT,2015,100,
ESTAT:STS_COPR_A(1.0),13/05/23 11:00:00,A,PROD,F_CC2,CA,I15,PT,2016,95.9,
ESTAT:STS_COPR_A(1.0),13/05/23 11:00:00,A,PROD,F_CC2,CA,I15,PT,2017,97.6,
ESTAT:STS_COPR_A(1.0),13/05/23 11:00:00,A,PROD,F_CC2,CA,I15,PT,2018,100.7,
ESTAT:STS_COPR_A(1.0),13/05/23 11:00:00,A,PROD,F_CC2,CA,I15,PT,2019,104.1,
ESTAT:STS_COPR_A(1.0),13/05/23 11:00:00,A,PROD,F_CC2,CA,I15,PT,2020,100.1,
ESTAT:STS_COPR_A(1.0),13/05/23 11:00:00,A,PROD,F_CC2,CA,I15,PT,2021,105.7,
ESTAT:STS_COPR_A(1.0),13/05/23 11:00:00,A,PROD,F_CC2,CA,I15,PT,2022,107.8,
ESTAT:STS_COPR_A(1.0),13/05/23 11:00:00,A,PROD,F_CC2,CA,I15,RO,2010,98.9,
ESTAT:STS_COPR_A(1.0),13/05/23 11:00:00,A,PROD,F_CC2,CA,I15,RO,2011,102.2,
ESTAT:STS_COPR_A(1.0),13/05/23 11:00:00,A,PROD,F_CC2,CA,I15,RO,2012,105.9,
ESTAT:STS_COPR_A(1.0),13/05/23 11:00:00,A,PROD,F_CC2,CA,I15,RO,2013,107.6,
ESTAT:STS_COPR_A(1.0),13/05/23 11:00:00,A,PROD,F_CC2,CA,I15,RO,2014,84.3,
ESTAT:STS_COPR_A(1.0),13/05/23 11:00:00,A,PROD,F_CC2,CA,I15,RO,2015,101.2,
ESTAT:STS_COPR_A(1.0),13/05/23 11:00:00,A,PROD,F_CC2,CA,I15,RO,2016,90.2,
ESTAT:STS_COPR_A(1.0),13/05/23 11:00:00,A,PROD,F_CC2,CA,I15,RO,2017,71.4,
ESTAT:STS_COPR_A(1.0),13/05/23 11:00:00,A,PROD,F_CC2,CA,I15,RO,2018,77.2,p
ESTAT:STS_COPR_A(1.0),13/05/23 11:00:00,A,PROD,F_CC2,CA,I15,RO,2019,89.6,p
ESTAT:STS_COPR_A(1.0),13/05/23 11:00:00,A,PROD,F_CC2,CA,I15,RO,2020,106.1,p
ESTAT:STS_COPR_A(1.0),13/05/23 11:00:00,A,PROD,F_CC2,CA,I15,SE,2010,121.1,
ESTAT:STS_COPR_A(1.0),13/05/23 11:00:00,A,PROD,F_CC2,CA,I15,SE,2011,115.6,
ESTAT:STS_COPR_A(1.0),13/05/23 11:00:00,A,PROD,F_CC2,CA,I15,SE,2012,88.4,
ESTAT:STS_COPR_A(1.0),13/05/23 11:00:00,A,PROD,F_CC2,CA,I15,SE,2013,94.5,
ESTAT:STS_COPR_A(1.0),13/05/23 11:00:00,A,PROD,F_CC2,CA,I15,SE,2014,89.9,
ESTAT:STS_COPR_A(1.0),13/05/23 11:00:00,A,PROD,F_CC2,CA,I15,SE,2015,100,
ESTAT:STS_COPR_A(1.0),13/05/23 11:00:00,A,PROD,F_CC2,CA,I15,SE,2016,105.9,
ESTAT:STS_COPR_A(1.0),13/05/23 11:00:00,A,PROD,F_CC2,CA,I15,SE,2017,110.6,
ESTAT:STS_COPR_A(1.0),13/05/23 11:00:00,A,PROD,F_CC2,CA,I15,SE,2018,131.6,
ESTAT:STS_COPR_A(1.0),13/05/23 11:00:00,A,PROD,F_CC2,CA,I15,SE,2019,149.7,
ESTAT:STS_COPR_A(1.0),13/05/23 11:00:00,A,PROD,F_CC2,CA,I15,SE,2020,149.2,
ESTAT:STS_COPR_A(1.0),13/05/23 11:00:00,A,PROD,F_CC2,CA,I15,SE,2021,136.1,
ESTAT:STS_COPR_A(1.0),13/05/23 11:00:00,A,PROD,F_CC2,CA,I15,SE,2022,145.2,p
ESTAT:STS_COPR_A(1.0),13/05/23 11:00:00,A,PROD,F_CC2,CA,I15,SI,2010,115.4,
ESTAT:STS_COPR_A(1.0),13/05/23 11:00:00,A,PROD,F_CC2,CA,I15,SI,2011,97.7,
ESTAT:STS_COPR_A(1.0),13/05/23 11:00:00,A,PROD,F_CC2,CA,I15,SI,2012,81.5,
ESTAT:STS_COPR_A(1.0),13/05/23 11:00:00,A,PROD,F_CC2,CA,I15,SI,2013,86.7,
ESTAT:STS_COPR_A(1.0),13/05/23 11:00:00,A,PROD,F_CC2,CA,I15,SI,2014,109.6,
ESTAT:STS_COPR_A(1.0),13/05/23 11:00:00,A,PROD,F_CC2,CA,I15,SI,2015,100,
ESTAT:STS_COPR_A(1.0),13/05/23 11:00:00,A,PROD,F_CC2,CA,I15,SI,2016,73.3,
ESTAT:STS_COPR_A(1.0),13/05/23 11:00:00,A,PROD,F_CC2,CA,I15,SI,2017,83.6,
ESTAT:STS_COPR_A(1.0),13/05/23 11:00:00,A,PROD,F_CC2,CA,I15,SI,2018,98.4,
ESTAT:STS_COPR_A(1.0),13/05/23 11:00:00,A,PROD,F_CC2,CA,I15,SI,2019,102.7,
ESTAT:STS_COPR_A(1.0),13/05/23 11:00:00,A,PROD,F_CC2,CA,I15,SI,2020,105.5,
ESTAT:STS_COPR_A(1.0),13/05/23 11:00:00,A,PROD,F_CC2,CA,I15,SI,2021,111.7,
ESTAT:STS_COPR_A(1.0),13/05/23 11:00:00,A,PROD,F_CC2,CA,I15,SI,2022,126.7,p
ESTAT:STS_COPR_A(1.0),13/05/23 11:00:00,A,PROD,F_CC2,CA,I15,SK,2010,88.5,
ESTAT:STS_COPR_A(1.0),13/05/23 11:00:00,A,PROD,F_CC2,CA,I15,SK,2011,87.2,
ESTAT:STS_COPR_A(1.0),13/05/23 11:00:00,A,PROD,F_CC2,CA,I15,SK,2012,65,
ESTAT:STS_COPR_A(1.0),13/05/23 11:00:00,A,PROD,F_CC2,CA,I15,SK,2013,67,
ESTAT:STS_COPR_A(1.0),13/05/23 11:00:00,A,PROD,F_CC2,CA,I15,SK,2014,65.1,
ESTAT:STS_COPR_A(1.0),13/05/23 11:00:00,A,PROD,F_CC2,CA,I15,SK,2015,100,
ESTAT:STS_COPR_A(1.0),13/05/23 11:00:00,A,PROD,F_CC2,CA,I15,SK,2016,74.9,
ESTAT:STS_COPR_A(1.0),13/05/23 11:00:00,A,PROD,F_CC2,CA,I15,SK,2017,81.1,
ESTAT:STS_COPR_A(1.0),13/05/23 11:00:00,A,PROD,F_CC2,CA,I15,SK,2018,96.2,
ESTAT:STS_COPR_A(1.0),13/05/23 11:00:00,A,PROD,F_CC2,CA,I15,SK,2019,83,
ESTAT:STS_COPR_A(1.0),13/05/23 11:00:00,A,PROD,F_CC2,CA,I15,SK,2020,74.7,
ESTAT:STS_COPR_A(1.0),13/05/23 11:00:00,A,PROD,F_CC2,CA,I15,SK,2021,67.6,
ESTAT:STS_COPR_A(1.0),13/05/23 11:00:00,A,PROD,F_CC2,CA,I15,SK,2022,67.7,
ESTAT:STS_COPR_A(1.0),13/05/23 11:00:00,A,PROD,F_CC2,CA,I15,UK,2010,90.6,p
ESTAT:STS_COPR_A(1.0),13/05/23 11:00:00,A,PROD,F_CC2,CA,I15,UK,2011,93.6,p
ESTAT:STS_COPR_A(1.0),13/05/23 11:00:00,A,PROD,F_CC2,CA,I15,UK,2012,83.2,p
ESTAT:STS_COPR_A(1.0),13/05/23 11:00:00,A,PROD,F_CC2,CA,I15,UK,2013,84.6,p
ESTAT:STS_COPR_A(1.0),13/05/23 11:00:00,A,PROD,F_CC2,CA,I15,UK,2014,83.9,p
ESTAT:STS_COPR_A(1.0),13/05/23 11:00:00,A,PROD,F_CC2,CA,I15,UK,2015,100,p
ESTAT:STS_COPR_A(1.0),13/05/23 11:00:00,A,PROD,F_CC2,CA,I15,UK,2016,98.8,p
ESTAT:STS_COPR_A(1.0),13/05/23 11:00:00,A,PROD,F_CC2,CA,I15,UK,2017,111,p
ESTAT:STS_COPR_A(1.0),13/05/23 11:00:00,A,PROD,F_CC2,CA,I15,UK,2018,114.9,p
ESTAT:STS_COPR_A(1.0),13/05/23 11:00:00,A,PROD,F_CC2,CA,I15,UK,2019,118.4,p
